date,value
25/08/2022,12.4
25/08/2022,14.6
25/08/2022,16.7
25/08/2022,19.1
25/08/2022,20.7
25/08/2022,22
25/08/2022,22.9
25/08/2022,23.6
25/08/2022,23.7
25/08/2022,22.9
25/08/2022,22.7
25/08/2022,21.1
25/08/2022,18.9
25/08/2022,17.6
25/08/2022,16.8
25/08/2022,15.9
26/08/2022,15
26/08/2022,14.2
26/08/2022,13.7
26/08/2022,13.1
26/08/2022,12.8
26/08/2022,11.9
26/08/2022,11.1
26/08/2022,10.7
26/08/2022,11.8
26/08/2022,13.7
26/08/2022,21.4
26/08/2022,22.7
26/08/2022,22.2
26/08/2022,17.1
26/08/2022,16.7
26/08/2022,16.5
26/08/2022,16.2
26/08/2022,16.3
26/08/2022,15.8
26/08/2022,15.3
26/08/2022,15.2
27/08/2022,14.3
27/08/2022,13.6
27/08/2022,13
27/08/2022,12.2
27/08/2022,11.8
27/08/2022,11.5
27/08/2022,11.2
27/08/2022,10.8
27/08/2022,11.3
27/08/2022,13.6
27/08/2022,15.8
27/08/2022,17.6
27/08/2022,19.2
27/08/2022,20.8
27/08/2022,22.1
27/08/2022,22.8
27/08/2022,23.6
27/08/2022,23.4
27/08/2022,22.8
27/08/2022,21.8
27/08/2022,19.5
27/08/2022,17.7
27/08/2022,17.2
27/08/2022,17.7
28/08/2022,16.2
28/08/2022,15.3
28/08/2022,15
28/08/2022,14.4
28/08/2022,14.5
28/08/2022,14.6
28/08/2022,14.4
28/08/2022,14.5
28/08/2022,14.7
28/08/2022,15.7
28/08/2022,16.4
28/08/2022,17.7
28/08/2022,19.6
28/08/2022,20.8
28/08/2022,22.3
28/08/2022,23.1
28/08/2022,24
28/08/2022,24.4
28/08/2022,22.9
28/08/2022,20.4
28/08/2022,19.2
28/08/2022,18.5
28/08/2022,17.9
28/08/2022,17.1
29/08/2022,16.1
29/08/2022,15.4
29/08/2022,14.7
29/08/2022,14.2
29/08/2022,13.4
29/08/2022,13.1
29/08/2022,12.5
29/08/2022,12
29/08/2022,12.6
29/08/2022,15.3
29/08/2022,17.2
29/08/2022,18.3
29/08/2022,19.2
29/08/2022,20.1
29/08/2022,20.4
29/08/2022,21.6
29/08/2022,22.9
29/08/2022,22.9
29/08/2022,21.1
29/08/2022,19.2
29/08/2022,18.4
29/08/2022,18.1
29/08/2022,17.4
29/08/2022,16.3
30/08/2022,16.2
30/08/2022,16.1
30/08/2022,15.3
30/08/2022,15
30/08/2022,14.5
30/08/2022,13.9
30/08/2022,12.8
30/08/2022,12.2
30/08/2022,13.1
30/08/2022,15.5
30/08/2022,17.7
30/08/2022,19.3
30/08/2022,20.2
30/08/2022,20.5
30/08/2022,21.7
30/08/2022,23.3
30/08/2022,23.4
30/08/2022,20.2
30/08/2022,17.8
30/08/2022,17.8
30/08/2022,17.4
30/08/2022,17
30/08/2022,16.8
30/08/2022,16.6
31/08/2022,16.5
31/08/2022,16.1
31/08/2022,15.8
31/08/2022,15.8
31/08/2022,15.4
31/08/2022,14.5
31/08/2022,13.9
31/08/2022,13.8
31/08/2022,14.1
31/08/2022,16
31/08/2022,17.8
31/08/2022,19.1
31/08/2022,20.6
31/08/2022,22.2
31/08/2022,23.4
31/08/2022,24.3
31/08/2022,24.3
31/08/2022,23.6
31/08/2022,22.7
31/08/2022,21.2
31/08/2022,19.5
31/08/2022,18
31/08/2022,17.5
31/08/2022,17.2
01/09/2022,16.3
01/09/2022,16.3
01/09/2022,16.4
01/09/2022,15.7
01/09/2022,14.5
01/09/2022,13.3
01/09/2022,12.6
01/09/2022,11.7
01/09/2022,12.7
01/09/2022,14.6
01/09/2022,16.7
01/09/2022,18.6
01/09/2022,20.5
01/09/2022,21.7
01/09/2022,22.9
01/09/2022,23.8
01/09/2022,24
01/09/2022,23.7
01/09/2022,22.9
01/09/2022,21.2
01/09/2022,18.9
01/09/2022,17.4
01/09/2022,16.7
01/09/2022,16
02/09/2022,15.6
02/09/2022,14.8
02/09/2022,15.2
02/09/2022,15.5
02/09/2022,14.7
02/09/2022,14.4
02/09/2022,13.9
02/09/2022,13.5
02/09/2022,14
02/09/2022,16.1
02/09/2022,17.8
02/09/2022,19.1
02/09/2022,20.1
02/09/2022,21.1
02/09/2022,22.1
02/09/2022,22.1
02/09/2022,22.2
02/09/2022,21.6
02/09/2022,21
02/09/2022,19.5
02/09/2022,18.3
02/09/2022,17.2
02/09/2022,16.5
02/09/2022,15.8
03/09/2022,15.2
03/09/2022,15
03/09/2022,14.3
03/09/2022,14
03/09/2022,14
03/09/2022,13.8
03/09/2022,14.2
03/09/2022,14.2
03/09/2022,14.2
03/09/2022,15.1
03/09/2022,16
03/09/2022,17.8
03/09/2022,19.3
03/09/2022,19.5
03/09/2022,20.3
03/09/2022,20.3
03/09/2022,21
03/09/2022,20.4
03/09/2022,19.2
03/09/2022,17.9
03/09/2022,17.2
03/09/2022,16.5
03/09/2022,16.3
03/09/2022,15.6
04/09/2022,14.9
04/09/2022,14.9
04/09/2022,14.8
04/09/2022,14
04/09/2022,13.4
04/09/2022,12.9
04/09/2022,12.3
04/09/2022,12.4
04/09/2022,13.7
04/09/2022,15.6
04/09/2022,18.2
04/09/2022,19.8
04/09/2022,20.7
04/09/2022,22.1
04/09/2022,21.8
04/09/2022,21.9
04/09/2022,22.5
04/09/2022,21.3
04/09/2022,19.3
04/09/2022,17.8
04/09/2022,17.7
04/09/2022,17.4
04/09/2022,16.3
04/09/2022,15.8
05/09/2022,15.4
05/09/2022,15
05/09/2022,14.6
05/09/2022,14.4
05/09/2022,14.5
05/09/2022,14.3
05/09/2022,14
05/09/2022,14.1
05/09/2022,14.7
05/09/2022,16.9
05/09/2022,17.9
05/09/2022,18.7
05/09/2022,20.6
05/09/2022,21.3
05/09/2022,22
05/09/2022,22.2
05/09/2022,22.3
05/09/2022,20
05/09/2022,19.2
05/09/2022,17.8
05/09/2022,16.2
05/09/2022,16
05/09/2022,15.4
05/09/2022,15.6
06/09/2022,15.8
06/09/2022,15.6
06/09/2022,15.2
06/09/2022,15
06/09/2022,14.8
06/09/2022,14.5
06/09/2022,14
06/09/2022,14
06/09/2022,14.1
06/09/2022,14.9
06/09/2022,16
06/09/2022,17.5
06/09/2022,18.9
06/09/2022,19.9
06/09/2022,21.3
06/09/2022,20.7
06/09/2022,18.7
06/09/2022,19.2
06/09/2022,17.3
06/09/2022,16
06/09/2022,15.5
06/09/2022,14.8
06/09/2022,13.8
06/09/2022,13.8
07/09/2022,13.9
07/09/2022,13.8
07/09/2022,13.8
07/09/2022,13.9
07/09/2022,13.9
07/09/2022,13.8
07/09/2022,13.8
07/09/2022,13.8
07/09/2022,13.9
07/09/2022,14.8
07/09/2022,16.1
07/09/2022,17.6
07/09/2022,18.7
07/09/2022,20
07/09/2022,21.2
07/09/2022,21.7
07/09/2022,21.7
07/09/2022,21.4
07/09/2022,20.3
07/09/2022,19
07/09/2022,16.8
07/09/2022,16.1
07/09/2022,16.2
07/09/2022,15.3
08/09/2022,15.1
08/09/2022,14.6
08/09/2022,13.9
08/09/2022,13.9
08/09/2022,14
08/09/2022,14
08/09/2022,13.8
08/09/2022,13.8
08/09/2022,13.8
08/09/2022,14.4
08/09/2022,15.6
08/09/2022,16.8
08/09/2022,18.4
08/09/2022,19.3
08/09/2022,19.6
08/09/2022,20.1
08/09/2022,20.1
08/09/2022,20.3
08/09/2022,19.3
08/09/2022,18.2
08/09/2022,17.2
08/09/2022,16.2
08/09/2022,15.7
08/09/2022,15
09/09/2022,14.4
09/09/2022,13.9
09/09/2022,13.7
09/09/2022,13.2
09/09/2022,12.4
09/09/2022,11.4
09/09/2022,10.1
09/09/2022,9.1
09/09/2022,10
09/09/2022,12.7
09/09/2022,15.4
09/09/2022,17.8
09/09/2022,19.6
09/09/2022,20.4
09/09/2022,21.9
09/09/2022,22.4
09/09/2022,22.8
09/09/2022,23.1
09/09/2022,22.4
09/09/2022,21.2
09/09/2022,18.6
09/09/2022,17
09/09/2022,16.1
09/09/2022,15.3
10/09/2022,14.3
10/09/2022,13.3
10/09/2022,12.6
10/09/2022,11.8
10/09/2022,10.4
10/09/2022,9.9
10/09/2022,9.2
10/09/2022,8.9
10/09/2022,10.2
10/09/2022,13.5
10/09/2022,16.4
10/09/2022,18.7
10/09/2022,21.3
10/09/2022,23
10/09/2022,23.6
10/09/2022,24.1
10/09/2022,24
10/09/2022,23.9
10/09/2022,22.5
10/09/2022,20.3
10/09/2022,18.1
10/09/2022,16.9
10/09/2022,16.1
10/09/2022,15.8
11/09/2022,15.5
11/09/2022,15.2
11/09/2022,15
11/09/2022,14.6
11/09/2022,14.4
11/09/2022,14.2
11/09/2022,13.8
11/09/2022,13
11/09/2022,12.5
11/09/2022,14.7
11/09/2022,17.3
11/09/2022,19.2
11/09/2022,21
11/09/2022,22.3
11/09/2022,23.2
11/09/2022,23.7
11/09/2022,23.1
11/09/2022,22.6
11/09/2022,21.1
11/09/2022,18.9
11/09/2022,16.8
11/09/2022,15.7
11/09/2022,15.4
11/09/2022,15.4
12/09/2022,14.8
12/09/2022,14.5
12/09/2022,14.3
12/09/2022,14.5
12/09/2022,14.2
12/09/2022,13.7
12/09/2022,13.5
12/09/2022,13.3
12/09/2022,13.8
12/09/2022,15.2
12/09/2022,16.5
12/09/2022,17.5
12/09/2022,18.6
12/09/2022,19.7
12/09/2022,20.8
12/09/2022,21
12/09/2022,20.9
12/09/2022,20.8
12/09/2022,20.4
12/09/2022,19.3
12/09/2022,17.6
12/09/2022,16.2
12/09/2022,15.2
12/09/2022,14.6
13/09/2022,14.1
13/09/2022,13.5
13/09/2022,12.6
13/09/2022,12.4
13/09/2022,12.4
13/09/2022,12.5
13/09/2022,13.2
13/09/2022,13.1
13/09/2022,13.5
13/09/2022,14.3
13/09/2022,15.7
13/09/2022,17.6
13/09/2022,19.2
13/09/2022,20.5
13/09/2022,21.4
13/09/2022,22.2
13/09/2022,16.8
13/09/2022,17.2
13/09/2022,19
13/09/2022,17.5
13/09/2022,16.3
13/09/2022,15.5
13/09/2022,14.7
13/09/2022,14
14/09/2022,13.5
14/09/2022,12.8
14/09/2022,11.8
14/09/2022,11.4
14/09/2022,10.7
14/09/2022,11.6
14/09/2022,12.2
14/09/2022,12.2
14/09/2022,12.5
14/09/2022,13.6
14/09/2022,14.8
14/09/2022,16.6
14/09/2022,18.3
14/09/2022,19.9
14/09/2022,21.2
14/09/2022,21.9
14/09/2022,21.9
14/09/2022,21.1
14/09/2022,20.7
14/09/2022,19.3
14/09/2022,17.6
14/09/2022,16.4
14/09/2022,15.4
14/09/2022,14.9
15/09/2022,14.5
15/09/2022,13.5
15/09/2022,13.2
15/09/2022,13.6
15/09/2022,13.6
15/09/2022,13
15/09/2022,12.6
15/09/2022,12.4
15/09/2022,13.1
15/09/2022,14.8
15/09/2022,17.2
15/09/2022,18.7
15/09/2022,20
15/09/2022,20.5
15/09/2022,20.8
15/09/2022,21.3
15/09/2022,20.9
15/09/2022,20.1
15/09/2022,19.8
15/09/2022,18.1
15/09/2022,16.9
15/09/2022,16.5
15/09/2022,16.3
15/09/2022,15.5
16/09/2022,14.8
16/09/2022,14.5
16/09/2022,14.7
16/09/2022,14.6
16/09/2022,14.5
16/09/2022,14.5
16/09/2022,14.3
16/09/2022,13.9
16/09/2022,14.1
16/09/2022,15.8
16/09/2022,17.4
16/09/2022,19.1
16/09/2022,20.2
16/09/2022,20.6
16/09/2022,20.9
16/09/2022,21.1
16/09/2022,19.3
16/09/2022,15.8
16/09/2022,15.3
16/09/2022,15.2
16/09/2022,15.7
16/09/2022,15.4
16/09/2022,15.3
16/09/2022,15.1
17/09/2022,14.8
17/09/2022,14
17/09/2022,13.6
17/09/2022,13.3
17/09/2022,12.8
17/09/2022,12.4
17/09/2022,11.9
17/09/2022,11.3
17/09/2022,12.5
17/09/2022,14.7
17/09/2022,16.9
17/09/2022,18.8
17/09/2022,20.7
17/09/2022,21.7
17/09/2022,22.1
17/09/2022,22.1
17/09/2022,20.6
17/09/2022,16.8
17/09/2022,15.8
17/09/2022,15.5
17/09/2022,15.9
17/09/2022,16.3
17/09/2022,15.7
17/09/2022,14.9
18/09/2022,14.9
18/09/2022,15
18/09/2022,14.9
18/09/2022,15
18/09/2022,15
18/09/2022,14.9
18/09/2022,14.9
18/09/2022,14.6
18/09/2022,14.7
18/09/2022,15.5
18/09/2022,16.5
18/09/2022,18.1
18/09/2022,19.7
18/09/2022,20.8
18/09/2022,21.2
18/09/2022,21.8
18/09/2022,19.9
18/09/2022,16.9
18/09/2022,17.3
18/09/2022,17.2
18/09/2022,16.2
18/09/2022,15.7
18/09/2022,15.3
18/09/2022,14.9
19/09/2022,14.8
19/09/2022,14.5
19/09/2022,14.4
19/09/2022,13.9
19/09/2022,13.3
19/09/2022,13.2
19/09/2022,13
19/09/2022,12.6
19/09/2022,13.1
19/09/2022,15.4
19/09/2022,17.6
19/09/2022,19.4
19/09/2022,21
19/09/2022,21.7
19/09/2022,22.6
19/09/2022,22.9
19/09/2022,22.1
19/09/2022,19.2
19/09/2022,18.6
19/09/2022,18.5
19/09/2022,16.9
19/09/2022,15.9
19/09/2022,14.9
19/09/2022,14.1
20/09/2022,13.7
20/09/2022,13.5
20/09/2022,13.3
20/09/2022,12.9
20/09/2022,12.7
20/09/2022,12.2
20/09/2022,11.9
20/09/2022,11.7
20/09/2022,12.3
20/09/2022,14
20/09/2022,16.4
20/09/2022,18.7
20/09/2022,20.5
20/09/2022,21.8
20/09/2022,22.9
20/09/2022,23.6
20/09/2022,22.7
20/09/2022,22.4
20/09/2022,20.7
20/09/2022,19.1
20/09/2022,17.3
20/09/2022,16.3
20/09/2022,15.7
20/09/2022,15
21/09/2022,14.3
21/09/2022,13.7
21/09/2022,13.3
21/09/2022,13.2
21/09/2022,12.4
21/09/2022,11.8
21/09/2022,11.6
21/09/2022,11
21/09/2022,11.7
21/09/2022,13.9
21/09/2022,16
21/09/2022,22.4
21/09/2022,22.1
21/09/2022,20.6
21/09/2022,18.1
21/09/2022,16.4
21/09/2022,15.2
21/09/2022,14.9
21/09/2022,14.8
22/09/2022,14.1
22/09/2022,13.5
22/09/2022,13.4
22/09/2022,13
22/09/2022,12.9
22/09/2022,13.3
22/09/2022,13.3
22/09/2022,13.4
22/09/2022,13.5
22/09/2022,14.2
22/09/2022,16.4
22/09/2022,17.8
22/09/2022,19.6
22/09/2022,20.9
22/09/2022,21.2
22/09/2022,21.9
22/09/2022,22.2
22/09/2022,21.8
22/09/2022,20.5
22/09/2022,18.9
22/09/2022,17.1
22/09/2022,16.1
22/09/2022,15.2
22/09/2022,14.7
23/09/2022,13.5
23/09/2022,13.6
23/09/2022,13
23/09/2022,12.2
23/09/2022,11.3
23/09/2022,11.1
23/09/2022,10.9
23/09/2022,11.1
23/09/2022,11.9
23/09/2022,13.8
23/09/2022,16.2
23/09/2022,18.1
23/09/2022,20
23/09/2022,21.4
23/09/2022,22.2
23/09/2022,22.3
23/09/2022,22.7
23/09/2022,21.2
23/09/2022,16.4
23/09/2022,16.5
23/09/2022,16.5
23/09/2022,16
23/09/2022,15.8
23/09/2022,15.3
24/09/2022,15.2
24/09/2022,14.8
24/09/2022,14.5
24/09/2022,14
24/09/2022,13.8
24/09/2022,13.6
24/09/2022,13.5
24/09/2022,13.1
24/09/2022,13.2
24/09/2022,14.6
24/09/2022,16.3
24/09/2022,17.9
24/09/2022,19.6
24/09/2022,21.3
24/09/2022,22.3
24/09/2022,23.2
24/09/2022,22.4
24/09/2022,21
24/09/2022,20
24/09/2022,18.2
24/09/2022,16.7
24/09/2022,16.6
24/09/2022,15.9
24/09/2022,15.6
25/09/2022,15
25/09/2022,14.8
25/09/2022,14.7
25/09/2022,14.5
25/09/2022,14.5
25/09/2022,14.4
25/09/2022,14.1
25/09/2022,13.8
25/09/2022,13.9
25/09/2022,15.1
25/09/2022,15.8
25/09/2022,17.3
25/09/2022,18.5
25/09/2022,21
25/09/2022,22.1
25/09/2022,20.9
25/09/2022,17.4
25/09/2022,18
25/09/2022,17.9
25/09/2022,16.2
25/09/2022,15.8
25/09/2022,16
25/09/2022,15.4
25/09/2022,15.3
26/09/2022,15.1
26/09/2022,14.6
26/09/2022,14.4
26/09/2022,14.6
26/09/2022,14.4
26/09/2022,14
26/09/2022,13.5
26/09/2022,13.3
26/09/2022,13.4
26/09/2022,15
26/09/2022,16
26/09/2022,17.5
26/09/2022,19.1
26/09/2022,19.6
26/09/2022,20.2
26/09/2022,20
26/09/2022,20.2
26/09/2022,19.7
26/09/2022,18.8
26/09/2022,16.8
26/09/2022,14.5
26/09/2022,13.9
26/09/2022,13.7
26/09/2022,13.5
27/09/2022,13.5
27/09/2022,13.8
27/09/2022,13.5
27/09/2022,13
27/09/2022,12.6
27/09/2022,12.3
27/09/2022,12.2
27/09/2022,11.8
27/09/2022,11.8
27/09/2022,12.8
27/09/2022,13.9
27/09/2022,15
27/09/2022,16.4
27/09/2022,17.1
27/09/2022,17.5
27/09/2022,18.3
27/09/2022,18.9
27/09/2022,18.5
27/09/2022,17.4
27/09/2022,16.2
27/09/2022,15.3
27/09/2022,14.5
27/09/2022,13.6
27/09/2022,12.8
28/09/2022,12.7
28/09/2022,12.7
28/09/2022,12.9
28/09/2022,12.5
28/09/2022,12.7
28/09/2022,12.3
28/09/2022,12.2
28/09/2022,11.5
28/09/2022,12.2
28/09/2022,14.3
28/09/2022,15.4
28/09/2022,17.6
28/09/2022,18.6
28/09/2022,19.2
28/09/2022,19.2
28/09/2022,20
28/09/2022,19.8
28/09/2022,19.4
28/09/2022,17.9
28/09/2022,16.1
28/09/2022,14.2
28/09/2022,13.4
28/09/2022,13
28/09/2022,12.5
29/09/2022,12.1
29/09/2022,12
29/09/2022,11.8
29/09/2022,11.6
29/09/2022,11.4
29/09/2022,11.2
29/09/2022,10.3
29/09/2022,9
29/09/2022,9.6
29/09/2022,11.8
29/09/2022,13.7
29/09/2022,14.8
29/09/2022,16.2
29/09/2022,18.2
29/09/2022,18.9
29/09/2022,19.3
29/09/2022,18.7
29/09/2022,18.1
29/09/2022,17
29/09/2022,15
29/09/2022,13.5
29/09/2022,12.5
29/09/2022,11.8
29/09/2022,11.7
30/09/2022,11.1
30/09/2022,10.4
30/09/2022,9.8
30/09/2022,9
30/09/2022,8.4
30/09/2022,7.8
30/09/2022,7.6
30/09/2022,7.1
30/09/2022,7.9
30/09/2022,10
30/09/2022,11.9
30/09/2022,13.2
30/09/2022,15.5
30/09/2022,17.6
30/09/2022,19.5
30/09/2022,21
30/09/2022,22
30/09/2022,22.2
30/09/2022,20.7
30/09/2022,17.5
30/09/2022,15
30/09/2022,13.7
30/09/2022,12.5
30/09/2022,11.5
01/10/2022,10.7
01/10/2022,9.8
01/10/2022,8.5
01/10/2022,8.1
01/10/2022,8.1
01/10/2022,7.7
01/10/2022,6.4
01/10/2022,5.8
01/10/2022,6.2
01/10/2022,9.1
01/10/2022,12.7
01/10/2022,15.9
01/10/2022,18.3
01/10/2022,20.3
01/10/2022,22.5
01/10/2022,24.1
01/10/2022,24.8
01/10/2022,24
01/10/2022,22.1
01/10/2022,18.6
01/10/2022,16.1
01/10/2022,14.7
01/10/2022,13.4
01/10/2022,12.5
02/10/2022,11.4
02/10/2022,11.1
02/10/2022,10.2
02/10/2022,9.2
02/10/2022,8.6
02/10/2022,8.3
02/10/2022,7.7
02/10/2022,6.8
02/10/2022,7.8
02/10/2022,10.7
02/10/2022,13.5
02/10/2022,16.5
02/10/2022,18.8
02/10/2022,21.2
02/10/2022,22.6
02/10/2022,23.8
02/10/2022,24.9
02/10/2022,24.6
02/10/2022,22.7
02/10/2022,19.1
02/10/2022,15.9
02/10/2022,14.1
02/10/2022,12.9
02/10/2022,11.6
03/10/2022,11.2
03/10/2022,10.6
03/10/2022,10
03/10/2022,9.3
03/10/2022,8.6
03/10/2022,7.9
03/10/2022,7.1
03/10/2022,6.6
03/10/2022,7.3
03/10/2022,10.6
03/10/2022,13.3
03/10/2022,15.6
03/10/2022,17.8
03/10/2022,20.4
03/10/2022,22
03/10/2022,23.4
03/10/2022,23.8
03/10/2022,23.4
03/10/2022,21.8
03/10/2022,18.4
03/10/2022,16.1
03/10/2022,14.9
03/10/2022,14.1
03/10/2022,13.1
04/10/2022,12.1
04/10/2022,11.9
04/10/2022,11.2
04/10/2022,10.4
04/10/2022,9.5
04/10/2022,9.5
04/10/2022,8.9
04/10/2022,8.1
04/10/2022,8.6
04/10/2022,11.8
04/10/2022,14.5
04/10/2022,16.8
04/10/2022,19
04/10/2022,21.2
04/10/2022,22.4
04/10/2022,22.9
04/10/2022,22.7
04/10/2022,20.4
04/10/2022,15.5
04/10/2022,13.7
04/10/2022,13.4
04/10/2022,13.1
04/10/2022,13.1
04/10/2022,13
05/10/2022,13.2
05/10/2022,13
05/10/2022,12.9
05/10/2022,12.6
05/10/2022,12
05/10/2022,11.3
05/10/2022,10.8
05/10/2022,10.9
05/10/2022,11.4
05/10/2022,12.9
05/10/2022,14
05/10/2022,15.2
05/10/2022,16.8
05/10/2022,18.2
05/10/2022,19.5
05/10/2022,20.3
05/10/2022,20.7
05/10/2022,16.4
05/10/2022,15.1
05/10/2022,14.9
05/10/2022,14.5
05/10/2022,14
05/10/2022,13.8
05/10/2022,13.4
06/10/2022,13.7
06/10/2022,13.5
06/10/2022,13.5
06/10/2022,13.6
06/10/2022,13.5
06/10/2022,13.4
06/10/2022,13.4
06/10/2022,13.4
06/10/2022,13.5
06/10/2022,14.1
06/10/2022,15
06/10/2022,16.5
06/10/2022,18.3
06/10/2022,18.9
06/10/2022,18.6
06/10/2022,20.2
06/10/2022,20.1
06/10/2022,20.1
06/10/2022,18.3
06/10/2022,16.2
06/10/2022,15.2
06/10/2022,14.7
06/10/2022,14.6
06/10/2022,14.5
07/10/2022,14.1
07/10/2022,13.6
07/10/2022,12.8
07/10/2022,12.3
07/10/2022,12
07/10/2022,11.2
07/10/2022,10.3
07/10/2022,10.6
07/10/2022,10.9
07/10/2022,12.9
07/10/2022,14.6
07/10/2022,16.3
07/10/2022,17.7
07/10/2022,19.3
07/10/2022,20.9
07/10/2022,22
07/10/2022,21.9
07/10/2022,21.1
07/10/2022,19.5
07/10/2022,17.3
07/10/2022,16
07/10/2022,15.4
07/10/2022,13.6
07/10/2022,14.1
08/10/2022,14.4
08/10/2022,13.9
08/10/2022,13.6
08/10/2022,13.2
08/10/2022,12
08/10/2022,11.3
08/10/2022,11.1
08/10/2022,10.8
08/10/2022,11.7
08/10/2022,12.9
08/10/2022,14.4
08/10/2022,15.3
08/10/2022,16.8
08/10/2022,16.7
08/10/2022,17.9
08/10/2022,19
08/10/2022,18.9
08/10/2022,18.5
08/10/2022,17.3
08/10/2022,15.9
08/10/2022,14.4
08/10/2022,13.6
08/10/2022,13
08/10/2022,12.4
09/10/2022,11.9
09/10/2022,11.9
09/10/2022,12
09/10/2022,11.9
09/10/2022,11.9
09/10/2022,11.7
09/10/2022,11.9
09/10/2022,11.5
09/10/2022,12.1
09/10/2022,12.9
09/10/2022,13.6
09/10/2022,14.7
09/10/2022,15.6
09/10/2022,16.8
09/10/2022,17.2
09/10/2022,17.6
09/10/2022,17.6
09/10/2022,17.2
09/10/2022,16.4
09/10/2022,15.4
09/10/2022,14.6
09/10/2022,13.9
09/10/2022,13.2
09/10/2022,13.1
10/10/2022,11.8
10/10/2022,10.9
10/10/2022,10.4
10/10/2022,10.4
10/10/2022,10.8
10/10/2022,11
10/10/2022,11.1
10/10/2022,11
10/10/2022,11.4
10/10/2022,12.7
10/10/2022,14.6
10/10/2022,16.2
10/10/2022,16.8
10/10/2022,17.5
10/10/2022,18.1
10/10/2022,19.2
10/10/2022,19.6
10/10/2022,19.2
10/10/2022,18.4
10/10/2022,16
10/10/2022,14.7
10/10/2022,14
10/10/2022,13.6
10/10/2022,13.4
11/10/2022,12.5
11/10/2022,12
11/10/2022,11.6
11/10/2022,11.5
11/10/2022,11.6
11/10/2022,11
11/10/2022,10.5
11/10/2022,10.3
11/10/2022,10.8
11/10/2022,12.1
11/10/2022,13.9
11/10/2022,15.7
11/10/2022,16.8
11/10/2022,17.9
11/10/2022,18.9
11/10/2022,19.7
11/10/2022,20.5
11/10/2022,21.1
11/10/2022,20
11/10/2022,18.2
11/10/2022,16.9
11/10/2022,16
11/10/2022,15.8
11/10/2022,14.8
12/10/2022,13.5
12/10/2022,12.6
12/10/2022,12.1
12/10/2022,11.5
12/10/2022,10.9
12/10/2022,10.5
12/10/2022,10.2
12/10/2022,9.3
12/10/2022,10.1
12/10/2022,13.2
12/10/2022,15.2
12/10/2022,17.1
12/10/2022,19.3
12/10/2022,21.5
12/10/2022,23.1
12/10/2022,24
12/10/2022,23.8
12/10/2022,23.9
12/10/2022,22.5
12/10/2022,20.9
12/10/2022,18.4
12/10/2022,16.9
12/10/2022,15.8
12/10/2022,15.3
13/10/2022,14.5
13/10/2022,13.6
13/10/2022,11.8
13/10/2022,11
13/10/2022,9.7
13/10/2022,9
13/10/2022,8.6
13/10/2022,7.9
13/10/2022,8.5
13/10/2022,12.1
13/10/2022,15.5
13/10/2022,18
13/10/2022,20.2
13/10/2022,21.5
13/10/2022,22.7
13/10/2022,23.3
13/10/2022,23.8
13/10/2022,23.5
13/10/2022,22.3
13/10/2022,20
13/10/2022,17.4
13/10/2022,15.9
13/10/2022,15
13/10/2022,14.3
14/10/2022,13.8
14/10/2022,12.8
14/10/2022,11.7
14/10/2022,11
14/10/2022,9.9
14/10/2022,8.9
14/10/2022,8.4
14/10/2022,7.9
14/10/2022,9
14/10/2022,12
14/10/2022,15.3
14/10/2022,17.5
14/10/2022,18.8
14/10/2022,20.1
14/10/2022,21.4
14/10/2022,22.4
14/10/2022,22.8
14/10/2022,23.2
14/10/2022,22.3
14/10/2022,20.1
14/10/2022,17.1
14/10/2022,15.8
14/10/2022,14.7
14/10/2022,13.9
15/10/2022,13.2
15/10/2022,12.8
15/10/2022,12.2
15/10/2022,11.2
15/10/2022,10
15/10/2022,9.4
15/10/2022,9
15/10/2022,8.5
15/10/2022,9.1
15/10/2022,12.2
15/10/2022,15.2
15/10/2022,17.8
15/10/2022,19.8
15/10/2022,21.5
15/10/2022,22.9
15/10/2022,23.9
15/10/2022,24.8
15/10/2022,25.1
15/10/2022,24.1
15/10/2022,20.2
15/10/2022,17.7
15/10/2022,16.3
15/10/2022,15.6
15/10/2022,15.1
16/10/2022,14.4
16/10/2022,13.6
16/10/2022,12.8
16/10/2022,11.9
16/10/2022,11.3
16/10/2022,11
16/10/2022,9.8
16/10/2022,9.1
16/10/2022,9.9
16/10/2022,12.8
16/10/2022,15.6
16/10/2022,18
16/10/2022,20.1
16/10/2022,21.6
16/10/2022,23.6
16/10/2022,24.4
16/10/2022,24.6
16/10/2022,25.2
16/10/2022,23.8
16/10/2022,21.3
16/10/2022,20
16/10/2022,18.9
16/10/2022,18.1
16/10/2022,17.4
17/10/2022,17.2
17/10/2022,16.6
17/10/2022,15.9
17/10/2022,15.6
17/10/2022,14.7
17/10/2022,13.5
17/10/2022,13.1
17/10/2022,12.6
17/10/2022,13
17/10/2022,15.3
17/10/2022,17.7
17/10/2022,19.7
17/10/2022,21.6
17/10/2022,23.3
17/10/2022,23.9
17/10/2022,25.1
17/10/2022,25.1
17/10/2022,23.4
17/10/2022,19.1
17/10/2022,18.8
17/10/2022,17.7
17/10/2022,16.5
17/10/2022,15.3
17/10/2022,14.6
18/10/2022,14
18/10/2022,13.5
18/10/2022,13.3
18/10/2022,13.4
18/10/2022,13.4
18/10/2022,13.4
18/10/2022,13.4
18/10/2022,13.5
18/10/2022,13.6
18/10/2022,14.2
18/10/2022,15.1
18/10/2022,16.3
18/10/2022,17.8
18/10/2022,19
18/10/2022,19.4
18/10/2022,17.4
18/10/2022,16.5
18/10/2022,15.6
18/10/2022,15.3
18/10/2022,14.8
18/10/2022,14.5
18/10/2022,14.3
18/10/2022,14.2
18/10/2022,13.7
19/10/2022,13.1
19/10/2022,12.8
19/10/2022,12.8
19/10/2022,12.6
19/10/2022,12.4
19/10/2022,12.2
19/10/2022,11.8
19/10/2022,11.8
19/10/2022,11.9
19/10/2022,12.4
19/10/2022,13.1
19/10/2022,14.9
19/10/2022,15.8
19/10/2022,16.5
19/10/2022,16.4
19/10/2022,16.7
19/10/2022,16.5
19/10/2022,15.7
19/10/2022,14.5
19/10/2022,13.3
19/10/2022,12.5
19/10/2022,12.2
19/10/2022,11.9
19/10/2022,11.4
20/10/2022,10.6
20/10/2022,10.1
20/10/2022,10.2
20/10/2022,9.9
20/10/2022,9.7
20/10/2022,9.3
20/10/2022,8.6
20/10/2022,7.9
20/10/2022,8
20/10/2022,9.5
20/10/2022,12.1
20/10/2022,14.2
20/10/2022,16.5
20/10/2022,18.2
20/10/2022,20
20/10/2022,20.3
20/10/2022,20.6
20/10/2022,20.3
20/10/2022,18.9
20/10/2022,17.5
20/10/2022,16.6
20/10/2022,15.9
20/10/2022,15.4
20/10/2022,15.1
21/10/2022,14.9
21/10/2022,13.7
21/10/2022,12.8
21/10/2022,12.5
21/10/2022,12.1
21/10/2022,12
21/10/2022,11.5
21/10/2022,10.9
21/10/2022,10.7
21/10/2022,12.7
21/10/2022,15
21/10/2022,16.8
21/10/2022,18.2
21/10/2022,19.7
21/10/2022,20.6
21/10/2022,20.9
21/10/2022,21.2
21/10/2022,21
21/10/2022,20.9
21/10/2022,19.6
21/10/2022,17.4
21/10/2022,17.2
21/10/2022,15.9
21/10/2022,15.2
22/10/2022,14.1
22/10/2022,13.8
22/10/2022,13
22/10/2022,11.9
22/10/2022,11.3
22/10/2022,10.5
22/10/2022,9.9
22/10/2022,9.5
22/10/2022,10.2
22/10/2022,12.5
22/10/2022,15.7
22/10/2022,18.1
22/10/2022,20.1
22/10/2022,21.6
22/10/2022,23
22/10/2022,23.7
22/10/2022,24.3
22/10/2022,24.6
22/10/2022,21.5
22/10/2022,19.1
22/10/2022,16.1
22/10/2022,15.6
22/10/2022,15.7
22/10/2022,15.9
23/10/2022,15.3
23/10/2022,15
23/10/2022,14.5
23/10/2022,13.7
23/10/2022,13.3
23/10/2022,12.7
23/10/2022,12.6
23/10/2022,12.6
23/10/2022,12.8
23/10/2022,14.8
23/10/2022,17
23/10/2022,18.8
23/10/2022,20.4
23/10/2022,21.8
23/10/2022,22.9
23/10/2022,24.3
23/10/2022,24.9
23/10/2022,25.4
23/10/2022,22.1
23/10/2022,19.6
23/10/2022,18.8
23/10/2022,18.5
23/10/2022,18.7
23/10/2022,18.1
24/10/2022,17.9
24/10/2022,17.5
24/10/2022,17
24/10/2022,16.5
24/10/2022,16.4
24/10/2022,15.4
24/10/2022,14.4
24/10/2022,13.8
24/10/2022,14.2
24/10/2022,15.8
24/10/2022,18.6
24/10/2022,20.3
24/10/2022,21.7
24/10/2022,22.8
24/10/2022,24.2
24/10/2022,25.2
24/10/2022,26
24/10/2022,26.4
24/10/2022,25.5
24/10/2022,21.6
24/10/2022,19.6
24/10/2022,18.2
24/10/2022,17.7
24/10/2022,16.7
25/10/2022,15.8
25/10/2022,14.7
25/10/2022,14.1
25/10/2022,13.4
25/10/2022,12.4
25/10/2022,12.2
25/10/2022,11.5
25/10/2022,11.2
25/10/2022,11.8
25/10/2022,14.5
25/10/2022,17.5
25/10/2022,19.5
25/10/2022,21.3
25/10/2022,23.1
25/10/2022,23.9
25/10/2022,24.6
25/10/2022,24.5
25/10/2022,24.7
25/10/2022,22.9
25/10/2022,20.8
25/10/2022,18.4
25/10/2022,17.5
25/10/2022,17.1
25/10/2022,16.9
26/10/2022,16.4
26/10/2022,15.2
26/10/2022,15.2
26/10/2022,15.2
26/10/2022,14.6
26/10/2022,13.8
26/10/2022,13.3
26/10/2022,12.5
26/10/2022,12.9
26/10/2022,15
26/10/2022,17.5
26/10/2022,19.2
26/10/2022,20.8
26/10/2022,22.2
26/10/2022,23.6
26/10/2022,24.7
26/10/2022,25.3
26/10/2022,25.3
26/10/2022,24.2
26/10/2022,21.7
26/10/2022,19.8
26/10/2022,18.7
26/10/2022,17.8
26/10/2022,17.3
27/10/2022,16.2
27/10/2022,15.6
27/10/2022,14.6
27/10/2022,13.4
27/10/2022,13.1
27/10/2022,12.6
27/10/2022,12.4
27/10/2022,11.7
27/10/2022,12.5
27/10/2022,14.1
27/10/2022,15.4
27/10/2022,18.3
27/10/2022,20.4
27/10/2022,22.1
27/10/2022,23.2
27/10/2022,24
27/10/2022,24.5
27/10/2022,23.5
27/10/2022,21.5
27/10/2022,19.8
27/10/2022,18.1
27/10/2022,17.5
27/10/2022,17.1
27/10/2022,16.5
28/10/2022,15.7
28/10/2022,15.2
28/10/2022,14.5
28/10/2022,14.2
28/10/2022,13.7
28/10/2022,12.7
28/10/2022,12.4
28/10/2022,11.6
28/10/2022,12
28/10/2022,14
28/10/2022,17.4
28/10/2022,19.9
28/10/2022,21.6
28/10/2022,23.1
28/10/2022,24.3
28/10/2022,24.8
28/10/2022,25.2
28/10/2022,25.8
28/10/2022,24.4
28/10/2022,20.5
28/10/2022,17.8
28/10/2022,18
28/10/2022,17.8
28/10/2022,18
29/10/2022,17.7
29/10/2022,16.2
29/10/2022,14.8
29/10/2022,13.9
29/10/2022,13.5
29/10/2022,13
29/10/2022,12.5
29/10/2022,12.4
29/10/2022,12.5
29/10/2022,13.3
29/10/2022,15
29/10/2022,17.4
29/10/2022,19.2
29/10/2022,21
29/10/2022,22.5
29/10/2022,23.7
29/10/2022,24.7
29/10/2022,24.4
29/10/2022,21.7
29/10/2022,20
29/10/2022,18.7
29/10/2022,18
29/10/2022,17.6
29/10/2022,17.6
30/10/2022,17.3
30/10/2022,16.8
30/10/2022,16.9
30/10/2022,15.7
30/10/2022,14.5
30/10/2022,14
30/10/2022,13.3
30/10/2022,13.4
30/10/2022,14.1
30/10/2022,15.6
30/10/2022,17.4
30/10/2022,19.3
30/10/2022,20.6
30/10/2022,21.7
30/10/2022,22.8
30/10/2022,23.1
30/10/2022,23.6
30/10/2022,23.8
30/10/2022,23.1
30/10/2022,20.8
30/10/2022,19.4
30/10/2022,18.4
30/10/2022,17.8
30/10/2022,17.1
31/10/2022,16.3
31/10/2022,15.1
31/10/2022,14.1
31/10/2022,13.5
31/10/2022,12.4
31/10/2022,11.6
31/10/2022,10.9
31/10/2022,10.2
31/10/2022,11
31/10/2022,13.3
31/10/2022,16.4
31/10/2022,18.4
31/10/2022,20.1
31/10/2022,21.4
31/10/2022,22.5
31/10/2022,22.9
31/10/2022,23.5
31/10/2022,23.1
31/10/2022,20.8
31/10/2022,18.7
31/10/2022,16.7
31/10/2022,15.5
31/10/2022,15.5
31/10/2022,14.9
01/11/2022,14.7
01/11/2022,13.6
01/11/2022,12.8
01/11/2022,11.8
01/11/2022,11.2
01/11/2022,10.4
01/11/2022,9.9
01/11/2022,9.5
01/11/2022,10
01/11/2022,12.6
01/11/2022,15.5
01/11/2022,18
01/11/2022,19.9
01/11/2022,21.6
01/11/2022,23.3
01/11/2022,23.8
01/11/2022,24
01/11/2022,23.4
01/11/2022,21.3
01/11/2022,19
01/11/2022,17.3
01/11/2022,16.1
01/11/2022,14.8
01/11/2022,14.3
02/11/2022,13.6
02/11/2022,13.1
02/11/2022,12.5
02/11/2022,12
02/11/2022,11.2
02/11/2022,10.1
02/11/2022,9.7
02/11/2022,8
02/11/2022,7.9
02/11/2022,10.4
02/11/2022,13.3
02/11/2022,16
02/11/2022,18.2
02/11/2022,20.8
02/11/2022,23
02/11/2022,23.8
02/11/2022,24.1
02/11/2022,23.5
02/11/2022,21.3
02/11/2022,17.6
02/11/2022,15.6
02/11/2022,14.6
02/11/2022,13.8
02/11/2022,13.5
03/11/2022,12.5
03/11/2022,11.5
03/11/2022,10.8
03/11/2022,9.9
03/11/2022,9.8
03/11/2022,9.2
03/11/2022,8.8
03/11/2022,8.8
03/11/2022,8.8
03/11/2022,10.9
03/11/2022,13.3
03/11/2022,16.4
03/11/2022,18.5
03/11/2022,20
03/11/2022,21.2
03/11/2022,22.5
03/11/2022,23.4
03/11/2022,23.4
03/11/2022,17
03/11/2022,15.5
03/11/2022,15.2
03/11/2022,15.1
03/11/2022,15
03/11/2022,14.5
04/11/2022,13.8
04/11/2022,13.1
04/11/2022,11.8
04/11/2022,11.1
04/11/2022,10.7
04/11/2022,10
04/11/2022,9.6
04/11/2022,9.5
04/11/2022,9.7
04/11/2022,11.9
04/11/2022,15.5
04/11/2022,17.9
04/11/2022,20.1
04/11/2022,21.6
04/11/2022,22.9
04/11/2022,23.7
04/11/2022,23.4
04/11/2022,23.7
04/11/2022,22.2
04/11/2022,21.1
04/11/2022,18.9
04/11/2022,16.7
04/11/2022,16.1
04/11/2022,15.2
05/11/2022,14.3
05/11/2022,12.9
05/11/2022,11.8
05/11/2022,11.2
05/11/2022,10.6
05/11/2022,9.9
05/11/2022,9.6
05/11/2022,8.9
05/11/2022,9.5
05/11/2022,12.1
05/11/2022,15.5
05/11/2022,18.3
05/11/2022,20
05/11/2022,21.2
05/11/2022,22.1
05/11/2022,22.4
05/11/2022,23.3
05/11/2022,23.2
05/11/2022,22.8
05/11/2022,21.1
05/11/2022,18.3
05/11/2022,16.9
05/11/2022,16.1
05/11/2022,15.2
06/11/2022,14.3
06/11/2022,13.2
06/11/2022,12.2
06/11/2022,11.4
06/11/2022,10.3
06/11/2022,9.6
06/11/2022,9.2
06/11/2022,8.6
06/11/2022,22.6
06/11/2022,24
06/11/2022,25.3
06/11/2022,26.3
06/11/2022,26.4
06/11/2022,25.9
06/11/2022,24.4
06/11/2022,20.5
06/11/2022,18.2
06/11/2022,16.4
06/11/2022,15.1
06/11/2022,13.7
07/11/2022,12.6
07/11/2022,11.4
07/11/2022,10.7
07/11/2022,9.7
07/11/2022,8.1
07/11/2022,7.5
07/11/2022,7.4
07/11/2022,6
07/11/2022,6.6
07/11/2022,10.6
07/11/2022,14.6
07/11/2022,18.4
07/11/2022,21.1
07/11/2022,22.8
07/11/2022,24.9
07/11/2022,25.7
07/11/2022,25.2
07/11/2022,23.5
07/11/2022,21.4
07/11/2022,18.6
07/11/2022,16.7
07/11/2022,15.5
07/11/2022,14.5
07/11/2022,13.3
08/11/2022,12.3
08/11/2022,12.2
08/11/2022,12.2
08/11/2022,10.9
08/11/2022,10
08/11/2022,8.8
08/11/2022,8.6
08/11/2022,8
08/11/2022,8.8
08/11/2022,11.1
08/11/2022,14
08/11/2022,17.2
08/11/2022,19.7
08/11/2022,21.1
08/11/2022,22.5
08/11/2022,23.5
08/11/2022,23.5
08/11/2022,23
08/11/2022,20.5
08/11/2022,16.7
08/11/2022,14.5
08/11/2022,13.1
08/11/2022,12.1
08/11/2022,11.2
09/11/2022,10.3
09/11/2022,9.6
09/11/2022,8.7
09/11/2022,7.9
09/11/2022,7.1
09/11/2022,6.9
09/11/2022,6.6
09/11/2022,6.2
09/11/2022,7.2
09/11/2022,10.3
09/11/2022,14
09/11/2022,16.6
09/11/2022,19.3
09/11/2022,20.8
09/11/2022,22.1
09/11/2022,24
09/11/2022,23.4
09/11/2022,23.7
09/11/2022,21.8
09/11/2022,17.7
09/11/2022,15.4
09/11/2022,14.2
09/11/2022,13.2
09/11/2022,12.6
10/11/2022,11.8
10/11/2022,10.9
10/11/2022,10.2
10/11/2022,9
10/11/2022,8
10/11/2022,7.2
10/11/2022,6.3
10/11/2022,5.6
10/11/2022,6.4
10/11/2022,10
10/11/2022,13.9
10/11/2022,17.9
10/11/2022,20.8
10/11/2022,22
10/11/2022,23.4
10/11/2022,24.3
10/11/2022,24.7
10/11/2022,24.4
10/11/2022,23.1
10/11/2022,19.8
10/11/2022,17.3
10/11/2022,16.5
10/11/2022,15.6
10/11/2022,14.1
11/11/2022,12.5
11/11/2022,10.9
11/11/2022,9.9
11/11/2022,8.7
11/11/2022,7.7
11/11/2022,7.1
11/11/2022,6.5
11/11/2022,5.9
11/11/2022,6.5
11/11/2022,10.2
11/11/2022,14.6
11/11/2022,19.2
11/11/2022,21.8
11/11/2022,23.4
11/11/2022,24.9
11/11/2022,26.6
11/11/2022,26.4
11/11/2022,26
11/11/2022,23.7
11/11/2022,19.4
11/11/2022,17.5
11/11/2022,16.1
11/11/2022,15.5
11/11/2022,14.5
12/11/2022,13.4
12/11/2022,12.4
12/11/2022,11.3
12/11/2022,10.4
12/11/2022,9.5
12/11/2022,9.3
12/11/2022,8.7
12/11/2022,8.2
12/11/2022,8.7
12/11/2022,11.3
12/11/2022,15
12/11/2022,18.5
12/11/2022,21.5
12/11/2022,23.4
12/11/2022,24.8
12/11/2022,25.8
12/11/2022,27
12/11/2022,26.6
12/11/2022,23.5
12/11/2022,20.9
12/11/2022,18.6
12/11/2022,17
12/11/2022,16.1
12/11/2022,14.9
13/11/2022,13.6
13/11/2022,12.6
13/11/2022,11.7
13/11/2022,11
13/11/2022,10.3
13/11/2022,10.1
13/11/2022,9.3
13/11/2022,8.7
13/11/2022,8.8
13/11/2022,10.9
13/11/2022,15
13/11/2022,18.4
13/11/2022,21.1
13/11/2022,23.1
13/11/2022,24.5
13/11/2022,25.9
13/11/2022,26.6
13/11/2022,25.3
13/11/2022,23.8
13/11/2022,20.3
13/11/2022,18
13/11/2022,16.8
13/11/2022,15.8
13/11/2022,15
14/11/2022,14.1
14/11/2022,12.8
14/11/2022,11.8
14/11/2022,10.9
14/11/2022,10.4
14/11/2022,9.6
14/11/2022,9.1
14/11/2022,8.7
14/11/2022,8.7
14/11/2022,11.9
14/11/2022,15.9
14/11/2022,19.4
14/11/2022,21.7
14/11/2022,23.6
14/11/2022,24.9
14/11/2022,26.1
14/11/2022,26.7
14/11/2022,26.4
14/11/2022,23.6
14/11/2022,20.3
14/11/2022,18.1
14/11/2022,16.4
14/11/2022,15.1
14/11/2022,14
15/11/2022,13.4
15/11/2022,12.4
15/11/2022,10.9
15/11/2022,10.3
15/11/2022,9.5
15/11/2022,8.7
15/11/2022,8.6
15/11/2022,7.8
15/11/2022,8.4
15/11/2022,11.6
15/11/2022,15.7
15/11/2022,19.5
15/11/2022,22.5
15/11/2022,24.5
15/11/2022,25.6
15/11/2022,26.4
15/11/2022,26.7
15/11/2022,26.4
15/11/2022,24.6
15/11/2022,19.8
15/11/2022,17.1
15/11/2022,15.6
15/11/2022,14.6
15/11/2022,12.8
16/11/2022,11.8
16/11/2022,10.6
16/11/2022,9.7
16/11/2022,9.1
16/11/2022,8.8
16/11/2022,7.8
16/11/2022,7.2
16/11/2022,6.9
16/11/2022,7.3
16/11/2022,10.5
16/11/2022,14.3
16/11/2022,17.8
16/11/2022,20.6
16/11/2022,22.3
16/11/2022,23.9
16/11/2022,25.3
16/11/2022,25.8
16/11/2022,25.5
16/11/2022,23.7
16/11/2022,20.7
16/11/2022,18
16/11/2022,15.7
16/11/2022,14.5
16/11/2022,13.7
17/11/2022,12.9
17/11/2022,11.8
17/11/2022,10.9
17/11/2022,10.2
17/11/2022,9.5
17/11/2022,8.8
17/11/2022,8.3
17/11/2022,7.5
17/11/2022,7.5
17/11/2022,10.2
17/11/2022,14.2
17/11/2022,18.1
17/11/2022,20.9
17/11/2022,22.4
17/11/2022,23.2
17/11/2022,24.6
17/11/2022,25.1
17/11/2022,22.7
17/11/2022,20
17/11/2022,17.3
17/11/2022,15.6
17/11/2022,14.9
17/11/2022,14.2
17/11/2022,13.5
18/11/2022,12.2
18/11/2022,11.6
18/11/2022,11.2
18/11/2022,10.6
18/11/2022,10.5
18/11/2022,10.7
18/11/2022,10.5
18/11/2022,10.7
18/11/2022,11
18/11/2022,12
18/11/2022,15
18/11/2022,17.2
18/11/2022,20.6
18/11/2022,22.2
18/11/2022,23.4
18/11/2022,24.3
18/11/2022,24.3
18/11/2022,23.9
18/11/2022,21.8
18/11/2022,19.8
18/11/2022,18.2
18/11/2022,16.1
18/11/2022,14
18/11/2022,13.4
19/11/2022,13
19/11/2022,12.3
19/11/2022,11.1
19/11/2022,10.4
19/11/2022,9.8
19/11/2022,9
19/11/2022,8.8
19/11/2022,8.7
19/11/2022,9
19/11/2022,11.2
19/11/2022,13.9
19/11/2022,17.2
19/11/2022,20.5
19/11/2022,22.2
19/11/2022,23.9
19/11/2022,24.6
19/11/2022,25.3
19/11/2022,23.3
19/11/2022,17.4
19/11/2022,13.5
19/11/2022,12.7
19/11/2022,13.3
19/11/2022,13.6
19/11/2022,13.4
20/11/2022,12.6
20/11/2022,12
20/11/2022,11.3
20/11/2022,11.1
20/11/2022,10.8
20/11/2022,10.5
20/11/2022,10.6
20/11/2022,10.4
20/11/2022,10.7
20/11/2022,11.3
20/11/2022,11.6
20/11/2022,12.9
20/11/2022,16.3
20/11/2022,18.1
20/11/2022,19.4
20/11/2022,20.8
20/11/2022,20
20/11/2022,18.5
20/11/2022,16.5
20/11/2022,14.9
20/11/2022,14.5
20/11/2022,14.3
20/11/2022,13.6
20/11/2022,13.2
21/11/2022,13.1
21/11/2022,12.9
21/11/2022,12.8
21/11/2022,12.5
21/11/2022,12.1
21/11/2022,11.8
21/11/2022,11.6
21/11/2022,11.2
21/11/2022,10.9
21/11/2022,12.1
21/11/2022,14
21/11/2022,17
21/11/2022,19.7
21/11/2022,22
21/11/2022,23.9
21/11/2022,24.8
21/11/2022,23.4
21/11/2022,17.5
21/11/2022,13.6
21/11/2022,12.3
21/11/2022,12.6
21/11/2022,13
21/11/2022,13.1
21/11/2022,12.8
22/11/2022,12.4
22/11/2022,12.1
22/11/2022,11.7
22/11/2022,11.3
22/11/2022,11
22/11/2022,10.7
22/11/2022,9.7
22/11/2022,9.8
22/11/2022,10.2
22/11/2022,11.6
22/11/2022,14.1
22/11/2022,16.8
22/11/2022,18.2
22/11/2022,19.5
22/11/2022,20.8
22/11/2022,21.9
22/11/2022,22.8
22/11/2022,22.6
22/11/2022,20.3
22/11/2022,17.5
22/11/2022,16
22/11/2022,15
22/11/2022,14.4
22/11/2022,13.8
23/11/2022,13.3
23/11/2022,12.9
23/11/2022,12.1
23/11/2022,11.3
23/11/2022,10.3
23/11/2022,9.5
23/11/2022,10.1
23/11/2022,9.9
23/11/2022,9
23/11/2022,10.5
23/11/2022,12.7
23/11/2022,15.5
23/11/2022,19.1
23/11/2022,21.6
23/11/2022,23
23/11/2022,24.3
23/11/2022,24.5
23/11/2022,23.7
23/11/2022,22.1
23/11/2022,19.8
23/11/2022,17.8
23/11/2022,16.4
23/11/2022,15.7
23/11/2022,15.6
24/11/2022,13.9
24/11/2022,12.4
24/11/2022,11.3
24/11/2022,10.4
24/11/2022,9.8
24/11/2022,9
24/11/2022,8.8
24/11/2022,8.3
24/11/2022,8.3
24/11/2022,10.6
24/11/2022,14.7
24/11/2022,18.5
24/11/2022,21.6
24/11/2022,23
24/11/2022,23.7
24/11/2022,24.2
24/11/2022,23.7
24/11/2022,23
24/11/2022,21
24/11/2022,18.9
24/11/2022,17.6
24/11/2022,16.6
24/11/2022,16
24/11/2022,15.7
25/11/2022,14.2
25/11/2022,13
25/11/2022,12
25/11/2022,11.2
25/11/2022,10.4
25/11/2022,9.9
25/11/2022,9.1
25/11/2022,8.6
25/11/2022,8.7
25/11/2022,10.7
25/11/2022,14.7
25/11/2022,18.5
25/11/2022,21.5
25/11/2022,23.2
25/11/2022,24.5
25/11/2022,25.4
25/11/2022,24.8
25/11/2022,23.5
25/11/2022,21.3
25/11/2022,19.1
25/11/2022,18
25/11/2022,16.5
25/11/2022,15.8
25/11/2022,15
26/11/2022,13.6
26/11/2022,12.4
26/11/2022,11.3
26/11/2022,10.7
26/11/2022,9.9
26/11/2022,9.2
26/11/2022,8.5
26/11/2022,8.1
26/11/2022,8.5
26/11/2022,11.1
26/11/2022,15.7
26/11/2022,19.2
26/11/2022,21.7
26/11/2022,23.6
26/11/2022,24.8
26/11/2022,25.3
26/11/2022,24.7
26/11/2022,24.3
26/11/2022,22.4
26/11/2022,19.8
26/11/2022,17.9
26/11/2022,16.5
26/11/2022,15.7
26/11/2022,15.1
27/11/2022,13.7
27/11/2022,12.4
27/11/2022,11.5
27/11/2022,10.8
27/11/2022,9.9
27/11/2022,9.4
27/11/2022,8.8
27/11/2022,8.2
27/11/2022,8.5
27/11/2022,11
27/11/2022,15
27/11/2022,18.8
27/11/2022,21.8
27/11/2022,23.4
27/11/2022,24.7
27/11/2022,25.2
27/11/2022,25.6
27/11/2022,22.5
27/11/2022,19.7
27/11/2022,18.4
27/11/2022,17.4
27/11/2022,16.8
27/11/2022,16.4
27/11/2022,15.8
28/11/2022,14.5
28/11/2022,14
28/11/2022,13.8
28/11/2022,13.5
28/11/2022,12.1
28/11/2022,11.7
28/11/2022,11.3
28/11/2022,10.5
28/11/2022,10.2
28/11/2022,12
28/11/2022,16
28/11/2022,19.3
28/11/2022,21.5
28/11/2022,23.3
28/11/2022,25.1
28/11/2022,25
28/11/2022,24.4
28/11/2022,18.4
28/11/2022,14.3
28/11/2022,13.8
28/11/2022,13.7
28/11/2022,13.9
28/11/2022,13.1
28/11/2022,12
29/11/2022,10.9
29/11/2022,10.3
29/11/2022,9.8
29/11/2022,9
29/11/2022,8.6
29/11/2022,8.1
29/11/2022,7.7
30/11/2022,13.7
30/11/2022,12.4
30/11/2022,11.8
30/11/2022,10.2
30/11/2022,9.4
30/11/2022,8.9
30/11/2022,9.2
30/11/2022,12
30/11/2022,15.7
30/11/2022,19.2
30/11/2022,21.6
30/11/2022,23.2
30/11/2022,23.9
30/11/2022,23.9
30/11/2022,23.6
30/11/2022,22.5
30/11/2022,19.6
30/11/2022,16.4
30/11/2022,15.2
30/11/2022,14.3
30/11/2022,13.9
30/11/2022,14
01/12/2022,12.7
01/12/2022,11.7
01/12/2022,11
01/12/2022,10.9
01/12/2022,10.6
01/12/2022,10.2
01/12/2022,10
01/12/2022,9.9
01/12/2022,10.2
01/12/2022,10.7
01/12/2022,13.6
01/12/2022,16.8
01/12/2022,19.5
01/12/2022,21
01/12/2022,22.2
01/12/2022,22.4
01/12/2022,22.3
01/12/2022,21.4
01/12/2022,20.3
01/12/2022,17.6
01/12/2022,15.5
01/12/2022,14.3
01/12/2022,13.5
01/12/2022,12.4
02/12/2022,11.2
02/12/2022,10.3
02/12/2022,9.8
02/12/2022,9
02/12/2022,8.3
02/12/2022,7.8
02/12/2022,7.3
02/12/2022,7.5
02/12/2022,7.4
02/12/2022,8.5
02/12/2022,10.2
02/12/2022,13.2
02/12/2022,17.7
02/12/2022,21
02/12/2022,22.5
02/12/2022,23.5
02/12/2022,24.4
02/12/2022,24.6
02/12/2022,22.8
02/12/2022,19
02/12/2022,16.7
02/12/2022,15.3
02/12/2022,14.5
02/12/2022,13.3
03/12/2022,12.3
03/12/2022,11.6
03/12/2022,10.8
03/12/2022,10
03/12/2022,9.4
03/12/2022,9
03/12/2022,8.9
03/12/2022,8.6
03/12/2022,9
03/12/2022,8.5
03/12/2022,10.3
03/12/2022,14.8
03/12/2022,19.3
03/12/2022,21.9
03/12/2022,22.7
03/12/2022,22.7
03/12/2022,21.4
03/12/2022,20.9
03/12/2022,17.9
03/12/2022,15.8
03/12/2022,14.5
03/12/2022,14.1
03/12/2022,13.3
03/12/2022,12.8
04/12/2022,12.1
04/12/2022,11.5
04/12/2022,10.5
04/12/2022,9.3
04/12/2022,8.2
04/12/2022,7
04/12/2022,6.1
04/12/2022,5.6
04/12/2022,5.3
04/12/2022,7.8
04/12/2022,11.2
04/12/2022,14.4
04/12/2022,17.5
04/12/2022,19.8
04/12/2022,21.6
04/12/2022,23
04/12/2022,24.3
04/12/2022,24.1
04/12/2022,21.9
04/12/2022,17.8
04/12/2022,15.2
04/12/2022,13.7
04/12/2022,12.6
04/12/2022,11.4
05/12/2022,10.3
05/12/2022,9
05/12/2022,8
05/12/2022,7.4
05/12/2022,6.6
05/12/2022,5.8
05/12/2022,5.4
05/12/2022,5
05/12/2022,5
05/12/2022,7.6
05/12/2022,11.9
05/12/2022,15.9
05/12/2022,19.2
05/12/2022,21.7
05/12/2022,23.1
05/12/2022,24.3
05/12/2022,25.1
05/12/2022,24.5
05/12/2022,23.3
05/12/2022,19.9
05/12/2022,17.2
05/12/2022,15.5
05/12/2022,13.8
05/12/2022,12.8
06/12/2022,11.3
06/12/2022,9.7
06/12/2022,8.8
06/12/2022,7.9
06/12/2022,7
06/12/2022,6.5
06/12/2022,5.9
06/12/2022,5.3
06/12/2022,5.3
06/12/2022,7.8
06/12/2022,12.7
06/12/2022,17.7
06/12/2022,21.1
06/12/2022,23.2
06/12/2022,24
06/12/2022,24.9
06/12/2022,25
06/12/2022,24.9
06/12/2022,23.6
06/12/2022,20.1
06/12/2022,17.6
06/12/2022,16.3
06/12/2022,15.3
06/12/2022,13.4
07/12/2022,11.9
07/12/2022,10.6
07/12/2022,9.5
07/12/2022,8.4
07/12/2022,7.8
07/12/2022,6.6
07/12/2022,5.8
07/12/2022,5.1
07/12/2022,5.3
07/12/2022,7.5
07/12/2022,12.4
07/12/2022,17.5
07/12/2022,21.3
07/12/2022,23.6
07/12/2022,24.6
07/12/2022,25.4
07/12/2022,25.4
07/12/2022,25
07/12/2022,22.4
07/12/2022,18.7
07/12/2022,16.4
07/12/2022,13.9
07/12/2022,12.4
07/12/2022,9.9
08/12/2022,8
08/12/2022,7
08/12/2022,6.6
08/12/2022,5.6
08/12/2022,4.9
08/12/2022,3.6
08/12/2022,2.5
08/12/2022,1.8
08/12/2022,2.2
08/12/2022,4.6
08/12/2022,9
08/12/2022,13.4
08/12/2022,17.1
08/12/2022,19.7
08/12/2022,21.4
08/12/2022,22.7
08/12/2022,23.8
08/12/2022,23.8
08/12/2022,22.2
08/12/2022,18.2
08/12/2022,15.6
08/12/2022,13.6
08/12/2022,12.4
08/12/2022,10.9
09/12/2022,9.9
09/12/2022,9
09/12/2022,8.4
09/12/2022,7.5
09/12/2022,7.7
09/12/2022,7.8
09/12/2022,6.7
09/12/2022,5.9
09/12/2022,6.4
09/12/2022,7.1
09/12/2022,9.1
09/12/2022,13
09/12/2022,16.5
09/12/2022,19.4
09/12/2022,21.3
09/12/2022,22.2
09/12/2022,23.5
09/12/2022,23.2
09/12/2022,21.2
09/12/2022,17.2
09/12/2022,14.4
09/12/2022,13.1
09/12/2022,12.2
09/12/2022,10.8
10/12/2022,9.8
10/12/2022,8.9
10/12/2022,8.3
10/12/2022,7.3
10/12/2022,6.4
10/12/2022,5.7
10/12/2022,5.2
10/12/2022,4.7
10/12/2022,4.4
10/12/2022,6.8
10/12/2022,11.6
10/12/2022,16
10/12/2022,19.3
10/12/2022,21.8
10/12/2022,22.6
10/12/2022,23.6
10/12/2022,23.6
10/12/2022,22.8
10/12/2022,22.5
10/12/2022,19
10/12/2022,17.5
10/12/2022,16.5
10/12/2022,15.9
10/12/2022,15.5
11/12/2022,14.7
11/12/2022,12.5
11/12/2022,10.6
11/12/2022,9.3
11/12/2022,8
11/12/2022,6.9
11/12/2022,6.1
11/12/2022,5.4
11/12/2022,4.8
11/12/2022,7.1
11/12/2022,12.4
11/12/2022,17.6
11/12/2022,20.8
11/12/2022,22.1
11/12/2022,22.9
11/12/2022,23.8
11/12/2022,24.2
11/12/2022,23.7
11/12/2022,21.8
11/12/2022,18.3
11/12/2022,16.1
11/12/2022,14.6
11/12/2022,13.3
11/12/2022,12.2
12/12/2022,10.8
12/12/2022,9.1
12/12/2022,7.5
12/12/2022,6.2
12/12/2022,5.7
12/12/2022,4.6
12/12/2022,4.1
12/12/2022,4
12/12/2022,4.1
12/12/2022,6.1
12/12/2022,11.3
12/12/2022,16.4
12/12/2022,20.1
12/12/2022,22.2
12/12/2022,22.9
12/12/2022,23.6
12/12/2022,24
12/12/2022,23.3
12/12/2022,21.8
12/12/2022,18.4
12/12/2022,16.2
12/12/2022,14.9
12/12/2022,13.4
12/12/2022,11.9
13/12/2022,10.8
13/12/2022,9.9
13/12/2022,8.7
13/12/2022,7.7
13/12/2022,7.2
13/12/2022,6.5
13/12/2022,5.8
13/12/2022,5.3
13/12/2022,4.7
13/12/2022,6.6
13/12/2022,11.6
13/12/2022,16.6
13/12/2022,19.7
13/12/2022,21.6
13/12/2022,23
13/12/2022,24
13/12/2022,24
13/12/2022,22.2
13/12/2022,19.6
13/12/2022,17.3
13/12/2022,16.1
13/12/2022,15.3
13/12/2022,14.7
13/12/2022,14.2
14/12/2022,12.9
14/12/2022,11.7
14/12/2022,10.7
14/12/2022,9.3
14/12/2022,8
14/12/2022,7.2
14/12/2022,6.2
14/12/2022,5.1
14/12/2022,4.8
14/12/2022,6.6
14/12/2022,11.8
14/12/2022,16.3
14/12/2022,19.8
14/12/2022,22.3
14/12/2022,23.9
14/12/2022,24.9
14/12/2022,25.2
14/12/2022,24.9
14/12/2022,22.5
14/12/2022,17.8
14/12/2022,15.5
14/12/2022,14.2
14/12/2022,12.8
14/12/2022,11.1
15/12/2022,9.9
15/12/2022,6.2
15/12/2022,5.7
15/12/2022,5.2
15/12/2022,4.6
15/12/2022,4.3
15/12/2022,6.7
15/12/2022,11.5
15/12/2022,16.1
15/12/2022,19.4
15/12/2022,22
15/12/2022,23.8
15/12/2022,24.4
15/12/2022,24.8
15/12/2022,24.1
15/12/2022,21.5
15/12/2022,17.8
15/12/2022,15.7
15/12/2022,14.3
15/12/2022,13
15/12/2022,11.5
16/12/2022,10.5
16/12/2022,8.9
16/12/2022,7.6
16/12/2022,6.9
16/12/2022,6.3
16/12/2022,5.5
16/12/2022,5
16/12/2022,4.2
16/12/2022,3.9
16/12/2022,6.4
16/12/2022,11.2
16/12/2022,16.3
16/12/2022,19.7
16/12/2022,22.2
16/12/2022,24.4
16/12/2022,25.7
16/12/2022,26.2
16/12/2022,25.5
16/12/2022,22.5
16/12/2022,18.5
16/12/2022,16.3
16/12/2022,14.9
16/12/2022,13.7
16/12/2022,12.2
17/12/2022,10.8
17/12/2022,9.1
17/12/2022,8.7
17/12/2022,7.5
17/12/2022,7.1
17/12/2022,6.9
17/12/2022,6.5
17/12/2022,5.7
17/12/2022,5.5
17/12/2022,8.3
17/12/2022,13
17/12/2022,16.5
17/12/2022,19.3
17/12/2022,21.9
17/12/2022,23.8
17/12/2022,25.5
17/12/2022,25.8
17/12/2022,24.7
17/12/2022,21.8
17/12/2022,17.4
17/12/2022,15.7
17/12/2022,14.5
17/12/2022,13.7
17/12/2022,12.7
18/12/2022,11.6
18/12/2022,10.4
18/12/2022,9.1
18/12/2022,7.8
18/12/2022,7
18/12/2022,6.5
18/12/2022,6.1
18/12/2022,6
18/12/2022,5.9
18/12/2022,7.7
18/12/2022,11.7
18/12/2022,15.2
18/12/2022,18.5
18/12/2022,21.2
18/12/2022,22.8
18/12/2022,23.5
18/12/2022,23.6
18/12/2022,23.6
18/12/2022,21.5
18/12/2022,18.3
18/12/2022,16.9
18/12/2022,15.6
18/12/2022,14.5
18/12/2022,13.5
19/12/2022,12
19/12/2022,10.8
19/12/2022,10.3
19/12/2022,8.8
19/12/2022,7.7
19/12/2022,7.4
19/12/2022,6.6
19/12/2022,6.4
19/12/2022,5.9
19/12/2022,7.2
22/12/2022,12.1
22/12/2022,10.3
22/12/2022,8.7
22/12/2022,8
22/12/2022,7.4
22/12/2022,6.7
22/12/2022,6.2
22/12/2022,5.9
22/12/2022,7.7
22/12/2022,12
22/12/2022,16.5
22/12/2022,19.4
22/12/2022,21.2
22/12/2022,22.2
22/12/2022,22.9
22/12/2022,23.3
22/12/2022,23
22/12/2022,22.2
22/12/2022,19.1
22/12/2022,16.8
22/12/2022,15.1
22/12/2022,13.8
22/12/2022,13.1
23/12/2022,12.9
23/12/2022,12.4
23/12/2022,11.8
23/12/2022,10.9
23/12/2022,10
23/12/2022,10.1
23/12/2022,9.7
23/12/2022,10
23/12/2022,10.5
23/12/2022,10.7
23/12/2022,12.8
23/12/2022,15.1
23/12/2022,17.2
23/12/2022,19.6
23/12/2022,20.5
23/12/2022,21.7
23/12/2022,21.9
23/12/2022,21.5
23/12/2022,19.7
23/12/2022,17.6
23/12/2022,16.4
23/12/2022,14.8
23/12/2022,12.2
23/12/2022,11
24/12/2022,10.3
24/12/2022,9.5
24/12/2022,8.6
24/12/2022,7.8
24/12/2022,7.3
24/12/2022,7.1
24/12/2022,6.9
24/12/2022,6.5
24/12/2022,6.5
24/12/2022,8.2
24/12/2022,11.2
24/12/2022,13.9
24/12/2022,17
24/12/2022,18.8
24/12/2022,19.8
24/12/2022,19.6
24/12/2022,19.4
24/12/2022,18.7
24/12/2022,16.9
24/12/2022,14.1
24/12/2022,10.6
24/12/2022,10.1
24/12/2022,10.2
24/12/2022,10.2
25/12/2022,9.7
25/12/2022,9.7
25/12/2022,9.6
25/12/2022,9.5
25/12/2022,9.3
25/12/2022,9
25/12/2022,8.8
25/12/2022,8.4
25/12/2022,8
25/12/2022,9.1
25/12/2022,11.4
25/12/2022,13.3
25/12/2022,14.4
25/12/2022,15.1
25/12/2022,14.4
25/12/2022,14.2
25/12/2022,13.6
25/12/2022,9.8
25/12/2022,8.9
25/12/2022,8.8
25/12/2022,8.2
25/12/2022,8.2
25/12/2022,8.1
25/12/2022,7.9
26/12/2022,7.5
26/12/2022,6.9
26/12/2022,6.6
26/12/2022,6.5
26/12/2022,5.8
26/12/2022,6.2
26/12/2022,6.1
26/12/2022,5.9
26/12/2022,6
26/12/2022,6
26/12/2022,7.3
26/12/2022,8.9
26/12/2022,11.7
26/12/2022,14.6
26/12/2022,17.4
26/12/2022,18.4
26/12/2022,18.8
26/12/2022,18.6
26/12/2022,17.2
26/12/2022,14.6
26/12/2022,12.9
26/12/2022,11.4
26/12/2022,10.6
26/12/2022,9.8
27/12/2022,9.3
27/12/2022,9
27/12/2022,7.8
27/12/2022,6.9
27/12/2022,7
27/12/2022,7.1
27/12/2022,6.7
27/12/2022,5.6
27/12/2022,4.5
27/12/2022,5.8
27/12/2022,7.5
27/12/2022,9
27/12/2022,12.5
27/12/2022,15.9
27/12/2022,18
27/12/2022,19.3
27/12/2022,19.4
27/12/2022,17.3
27/12/2022,16.4
27/12/2022,14.9
27/12/2022,13.4
27/12/2022,12.3
27/12/2022,11.4
27/12/2022,10.6
28/12/2022,9.1
28/12/2022,7.4
28/12/2022,6.7
28/12/2022,5.9
28/12/2022,4.7
28/12/2022,4
28/12/2022,3.6
28/12/2022,3.1
28/12/2022,2.8
28/12/2022,4.4
28/12/2022,8.8
28/12/2022,13.3
28/12/2022,16.4
28/12/2022,18.3
28/12/2022,19.6
28/12/2022,20.2
28/12/2022,20.6
28/12/2022,19.3
28/12/2022,17.1
28/12/2022,15.7
28/12/2022,14.9
28/12/2022,13.4
28/12/2022,11.8
28/12/2022,10.4
29/12/2022,9.2
29/12/2022,9.2
29/12/2022,7.8
29/12/2022,6.4
29/12/2022,5
29/12/2022,4.2
29/12/2022,3.8
29/12/2022,3.4
29/12/2022,3.5
29/12/2022,5.7
29/12/2022,10.3
29/12/2022,14.5
29/12/2022,17.3
29/12/2022,17.9
29/12/2022,18.3
29/12/2022,18.4
29/12/2022,18.2
29/12/2022,16.8
29/12/2022,16.1
29/12/2022,15
29/12/2022,13.8
29/12/2022,13
29/12/2022,12.3
29/12/2022,11.2
30/12/2022,9.8
30/12/2022,9.1
30/12/2022,8.7
30/12/2022,8.5
30/12/2022,7.1
30/12/2022,6.7
30/12/2022,6.7
30/12/2022,6.3
30/12/2022,6.1
30/12/2022,8.6
30/12/2022,13.8
30/12/2022,15.7
30/12/2022,17.4
30/12/2022,18.6
30/12/2022,20.2
30/12/2022,20.9
30/12/2022,19.8
30/12/2022,18.2
30/12/2022,16.9
30/12/2022,15.7
30/12/2022,14.7
30/12/2022,14.1
30/12/2022,13.6
30/12/2022,13
31/12/2022,12.5
31/12/2022,12.1
31/12/2022,12
31/12/2022,11.8
31/12/2022,11.3
31/12/2022,10.8
31/12/2022,10.3
31/12/2022,9.8
31/12/2022,9.2
31/12/2022,10.2
31/12/2022,12.6
31/12/2022,14.7
31/12/2022,16.1
31/12/2022,18.6
31/12/2022,20.5
31/12/2022,20.8
31/12/2022,21.4
31/12/2022,21
31/12/2022,18.8
31/12/2022,16.5
31/12/2022,15.6
31/12/2022,14.4
31/12/2022,13.3
31/12/2022,11.9
01/01/2023,10.8
01/01/2023,9.3
01/01/2023,8.2
01/01/2023,7.5
01/01/2023,6.8
01/01/2023,6.1
01/01/2023,5.5
01/01/2023,5
01/01/2023,4.8
01/01/2023,6.2
01/01/2023,10.3
01/01/2023,15.4
01/01/2023,18.9
01/01/2023,20.3
01/01/2023,21.7
01/01/2023,21.7
01/01/2023,21
01/01/2023,20
01/01/2023,19.3
01/01/2023,17.8
01/01/2023,16.4
01/01/2023,14.9
01/01/2023,13.4
01/01/2023,13.1
02/01/2023,11.8
02/01/2023,10.9
02/01/2023,9.4
02/01/2023,8.3
02/01/2023,7.2
02/01/2023,6.5
02/01/2023,5.8
02/01/2023,5.4
02/01/2023,5.2
02/01/2023,7.5
02/01/2023,13.4
02/01/2023,16.7
02/01/2023,18.2
02/01/2023,18.5
02/01/2023,19.6
02/01/2023,19.4
02/01/2023,19.1
02/01/2023,18.9
02/01/2023,17.9
02/01/2023,16.3
02/01/2023,15.1
02/01/2023,14.2
02/01/2023,12.8
02/01/2023,12.4
03/01/2023,11.6
03/01/2023,10.8
03/01/2023,10.2
03/01/2023,10.3
03/01/2023,9.7
03/01/2023,10.3
03/01/2023,10.6
03/01/2023,10.7
03/01/2023,10.1
03/01/2023,10.6
03/01/2023,14
03/01/2023,17.7
03/01/2023,20.6
03/01/2023,21.6
03/01/2023,22.7
03/01/2023,23.8
03/01/2023,23
03/01/2023,21.7
03/01/2023,20.9
03/01/2023,18.8
03/01/2023,16.3
03/01/2023,14.4
03/01/2023,13.3
03/01/2023,11.9
04/01/2023,10.5
04/01/2023,9.1
04/01/2023,8.1
04/01/2023,7.5
04/01/2023,6.5
04/01/2023,5.8
04/01/2023,5
04/01/2023,4.7
04/01/2023,4.2
04/01/2023,6
04/01/2023,10.7
04/01/2023,15.4
04/01/2023,18.9
04/01/2023,21.2
04/01/2023,23.3
04/01/2023,23.7
04/01/2023,24.2
04/01/2023,23.8
04/01/2023,22.4
04/01/2023,18.1
04/01/2023,15.8
04/01/2023,14.5
04/01/2023,13.5
04/01/2023,12.4
05/01/2023,11.3
05/01/2023,10.6
05/01/2023,9.4
05/01/2023,8.5
05/01/2023,7.4
05/01/2023,6.3
05/01/2023,5.4
05/01/2023,4.3
05/01/2023,3.9
05/01/2023,6
05/01/2023,10.8
05/01/2023,14.6
05/01/2023,17.8
05/01/2023,20.4
05/01/2023,21.6
05/01/2023,22.8
05/01/2023,23.4
05/01/2023,22.6
05/01/2023,20.4
05/01/2023,16.3
05/01/2023,13.8
05/01/2023,12
05/01/2023,11
05/01/2023,10.4
06/01/2023,9.7
06/01/2023,8.7
06/01/2023,7.3
06/01/2023,6.2
06/01/2023,5.4
06/01/2023,4.6
06/01/2023,4
06/01/2023,3.3
06/01/2023,3
06/01/2023,5
06/01/2023,9.2
06/01/2023,13.5
06/01/2023,16.8
06/01/2023,19.4
06/01/2023,20.9
06/01/2023,21.6
06/01/2023,22
06/01/2023,22
06/01/2023,21
06/01/2023,17.9
06/01/2023,14.8
06/01/2023,13.2
06/01/2023,12.4
06/01/2023,11.3
07/01/2023,9.6
07/01/2023,8.3
07/01/2023,7.7
07/01/2023,6.7
07/01/2023,6.2
07/01/2023,5
07/01/2023,3.8
07/01/2023,3.4
07/01/2023,3
07/01/2023,5
07/01/2023,9.6
07/01/2023,14.6
07/01/2023,18.3
07/01/2023,19.8
07/01/2023,21.1
07/01/2023,22.3
07/01/2023,23.2
07/01/2023,22.7
07/01/2023,21.5
07/01/2023,18.4
07/01/2023,15.7
07/01/2023,14.1
07/01/2023,12.6
07/01/2023,11.5
08/01/2023,10.5
08/01/2023,8.6
08/01/2023,6.9
08/01/2023,5.6
08/01/2023,4.3
08/01/2023,4
08/01/2023,3.2
08/01/2023,2.4
08/01/2023,2.1
08/01/2023,3.9
08/01/2023,8.8
08/01/2023,14.1
08/01/2023,18.4
08/01/2023,20.4
08/01/2023,21.3
08/01/2023,22.4
08/01/2023,22.9
08/01/2023,22.4
08/01/2023,21.5
08/01/2023,17.6
08/01/2023,13.8
08/01/2023,12.5
08/01/2023,11.5
08/01/2023,10.8
09/01/2023,9.7
09/01/2023,8.8
09/01/2023,8.2
09/01/2023,7.4
09/01/2023,6.5
09/01/2023,5.6
09/01/2023,4.6
09/01/2023,3.6
09/01/2023,3.4
09/01/2023,4.6
09/01/2023,8.7
09/01/2023,13.1
09/01/2023,16.7
09/01/2023,19.5
09/01/2023,21
09/01/2023,22.1
09/01/2023,22.2
09/01/2023,22.1
09/01/2023,20
09/01/2023,18.4
09/01/2023,16.5
09/01/2023,14.2
09/01/2023,13.1
09/01/2023,13.2
10/01/2023,12.5
10/01/2023,11.9
10/01/2023,11.3
10/01/2023,10.9
10/01/2023,9
10/01/2023,7
10/01/2023,6
10/01/2023,5.5
10/01/2023,5.1
10/01/2023,6.1
10/01/2023,10.4
10/01/2023,14.4
10/01/2023,17.4
10/01/2023,20.5
10/01/2023,21.9
10/01/2023,22.9
10/01/2023,23.1
10/01/2023,22.7
10/01/2023,20.3
10/01/2023,17
10/01/2023,15.2
10/01/2023,14.2
10/01/2023,14
10/01/2023,13.3
11/01/2023,11.9
11/01/2023,10.7
11/01/2023,10.1
11/01/2023,9.1
11/01/2023,8
11/01/2023,6.3
11/01/2023,5.7
11/01/2023,5.2
11/01/2023,4.8
11/01/2023,5.8
11/01/2023,10.2
11/01/2023,14.7
11/01/2023,18.1
11/01/2023,20.4
11/01/2023,21.8
11/01/2023,21.5
11/01/2023,21.4
11/01/2023,20.6
11/01/2023,18.7
11/01/2023,16.7
11/01/2023,13.8
11/01/2023,12.9
11/01/2023,12.3
11/01/2023,11.6
12/01/2023,10.7
12/01/2023,9.3
12/01/2023,8.1
12/01/2023,6.9
12/01/2023,6.1
12/01/2023,5.3
12/01/2023,4.9
12/01/2023,4.3
12/01/2023,4
12/01/2023,5.8
12/01/2023,10.1
12/01/2023,15
12/01/2023,18.5
12/01/2023,19.5
12/01/2023,21.5
12/01/2023,21.8
12/01/2023,21.7
12/01/2023,21
12/01/2023,18.8
12/01/2023,16.3
12/01/2023,13.9
12/01/2023,12
12/01/2023,10.9
12/01/2023,10.4
13/01/2023,10.5
13/01/2023,10.5
13/01/2023,10
13/01/2023,9.6
13/01/2023,9.3
13/01/2023,7.7
13/01/2023,6.7
13/01/2023,6
13/01/2023,5.2
13/01/2023,6.5
13/01/2023,9.2
13/01/2023,12.2
13/01/2023,15
13/01/2023,17.1
13/01/2023,18.7
13/01/2023,20.5
13/01/2023,21.3
13/01/2023,20.8
13/01/2023,19.1
13/01/2023,15.4
13/01/2023,12.2
13/01/2023,10.6
13/01/2023,9.3
13/01/2023,8
14/01/2023,6.9
14/01/2023,6.2
14/01/2023,5
14/01/2023,4
14/01/2023,3.1
14/01/2023,2
14/01/2023,0.8
14/01/2023,0
14/01/2023,-0.3
14/01/2023,2.2
14/01/2023,6.8
14/01/2023,11.3
14/01/2023,15.2
14/01/2023,18.3
14/01/2023,20.1
14/01/2023,20.9
14/01/2023,21.6
14/01/2023,21.9
14/01/2023,21.5
14/01/2023,17.7
14/01/2023,14.7
14/01/2023,13.1
14/01/2023,11.6
14/01/2023,9.2
15/01/2023,7.7
15/01/2023,6.3
15/01/2023,5.3
15/01/2023,4.4
15/01/2023,3.8
15/01/2023,2.9
15/01/2023,2.2
15/01/2023,1.7
15/01/2023,1.3
15/01/2023,3.2
15/01/2023,8.2
15/01/2023,13.2
15/01/2023,17.7
15/01/2023,19.7
15/01/2023,21
15/01/2023,21.5
15/01/2023,22.4
15/01/2023,22.6
15/01/2023,21.7
15/01/2023,18.4
15/01/2023,15.5
15/01/2023,14.2
15/01/2023,12.8
15/01/2023,11.6
16/01/2023,10.6
16/01/2023,9
16/01/2023,7.7
16/01/2023,6.5
16/01/2023,5.5
16/01/2023,4.5
16/01/2023,3.8
16/01/2023,3.3
16/01/2023,2.9
16/01/2023,5.2
16/01/2023,10.2
16/01/2023,15.5
16/01/2023,18.4
16/01/2023,20.8
16/01/2023,22.5
16/01/2023,23.6
16/01/2023,24.3
16/01/2023,24.3
16/01/2023,23.5
16/01/2023,20.3
16/01/2023,17
16/01/2023,14.9
16/01/2023,13.3
16/01/2023,11.7
17/01/2023,10.2
17/01/2023,8.6
17/01/2023,7.3
17/01/2023,6.4
17/01/2023,5.5
17/01/2023,4.6
17/01/2023,4.3
17/01/2023,3.8
17/01/2023,3.5
17/01/2023,5.4
17/01/2023,10.1
17/01/2023,15.2
17/01/2023,18.7
17/01/2023,21.7
17/01/2023,23.6
17/01/2023,25.6
17/01/2023,25.5
17/01/2023,24
17/01/2023,21
17/01/2023,18.8
17/01/2023,16.9
17/01/2023,15.9
17/01/2023,15.4
17/01/2023,14.2
18/01/2023,12.9
18/01/2023,11.5
18/01/2023,10.1
18/01/2023,9
18/01/2023,8
18/01/2023,6.8
18/01/2023,6.5
18/01/2023,5.9
18/01/2023,5.1
18/01/2023,6.4
18/01/2023,11.1
18/01/2023,15.6
18/01/2023,18.8
18/01/2023,22
18/01/2023,23.9
18/01/2023,25
18/01/2023,26.1
18/01/2023,25.6
18/01/2023,23.7
18/01/2023,20.6
18/01/2023,17.5
18/01/2023,15.5
18/01/2023,13.9
18/01/2023,13
19/01/2023,11.8
19/01/2023,10.2
19/01/2023,8.9
19/01/2023,7.8
19/01/2023,6.8
19/01/2023,6.2
19/01/2023,5.4
19/01/2023,5.1
19/01/2023,5
19/01/2023,7.5
19/01/2023,12
19/01/2023,16.9
19/01/2023,20
19/01/2023,23
19/01/2023,25.1
19/01/2023,26.5
19/01/2023,26.9
19/01/2023,26.7
19/01/2023,23.4
19/01/2023,20.7
19/01/2023,18.6
19/01/2023,16.8
19/01/2023,15.1
19/01/2023,12.9
20/01/2023,11.5
20/01/2023,10.4
20/01/2023,9.5
20/01/2023,8.4
20/01/2023,7.2
20/01/2023,6.9
20/01/2023,6
20/01/2023,5
20/01/2023,4.5
20/01/2023,6.1
20/01/2023,10.6
20/01/2023,15.3
20/01/2023,19.6
20/01/2023,22.8
20/01/2023,24.5
20/01/2023,25.2
20/01/2023,26.5
20/01/2023,27
20/01/2023,24.8
20/01/2023,20.5
20/01/2023,18
20/01/2023,16.4
20/01/2023,15.1
20/01/2023,13.1
21/01/2023,12
21/01/2023,10.8
21/01/2023,9.7
21/01/2023,8.7
21/01/2023,8
21/01/2023,7.3
21/01/2023,6.7
21/01/2023,6.2
21/01/2023,5.9
21/01/2023,7.1
21/01/2023,11
21/01/2023,16.2
21/01/2023,19.7
21/01/2023,22.5
21/01/2023,24.1
21/01/2023,24.8
21/01/2023,24.7
21/01/2023,24
21/01/2023,21.7
21/01/2023,18.6
21/01/2023,16.8
21/01/2023,15.8
21/01/2023,15.7
21/01/2023,14.7
22/01/2023,13.8
22/01/2023,12.3
22/01/2023,10.5
22/01/2023,9.2
22/01/2023,8.2
22/01/2023,7.4
22/01/2023,6.8
22/01/2023,6.3
22/01/2023,5.8
22/01/2023,7.7
22/01/2023,12
22/01/2023,16.5
22/01/2023,19.8
22/01/2023,21.8
22/01/2023,23.6
22/01/2023,25.2
22/01/2023,25.2
22/01/2023,23.5
22/01/2023,21.1
22/01/2023,18.5
22/01/2023,16.8
22/01/2023,15.9
22/01/2023,14.4
22/01/2023,13.8
23/01/2023,12.4
23/01/2023,10.8
23/01/2023,9.8
23/01/2023,9
23/01/2023,8.2
23/01/2023,7.2
23/01/2023,6
23/01/2023,5.4
23/01/2023,5.4
23/01/2023,8.4
23/01/2023,12.9
23/01/2023,16.7
23/01/2023,19.3
23/01/2023,21.4
23/01/2023,22.4
23/01/2023,23.2
23/01/2023,23.2
23/01/2023,22.2
23/01/2023,20.6
23/01/2023,18.1
23/01/2023,16.4
23/01/2023,15.5
23/01/2023,15
23/01/2023,14.6
24/01/2023,13.8
24/01/2023,12.9
24/01/2023,11.4
24/01/2023,10.7
24/01/2023,9.9
24/01/2023,9
24/01/2023,6.9
24/01/2023,6
24/01/2023,5.7
24/01/2023,8.4
24/01/2023,12.7
24/01/2023,17.1
24/01/2023,19.5
24/01/2023,21.3
24/01/2023,23.4
24/01/2023,24.1
24/01/2023,24.1
24/01/2023,22
24/01/2023,19
24/01/2023,17.2
24/01/2023,16.1
24/01/2023,15
24/01/2023,13.4
25/01/2023,11.5
25/01/2023,10.2
25/01/2023,8.9
25/01/2023,8.1
25/01/2023,7
25/01/2023,6
25/01/2023,5.5
25/01/2023,4.7
25/01/2023,4.3
25/01/2023,6.7
25/01/2023,10.7
25/01/2023,15.4
25/01/2023,19.4
25/01/2023,21.5
25/01/2023,23.2
25/01/2023,25.2
25/01/2023,25.2
25/01/2023,25.4
25/01/2023,23.2
25/01/2023,19.6
25/01/2023,17.6
25/01/2023,15.3
25/01/2023,14.1
25/01/2023,12.9
26/01/2023,12
26/01/2023,10.5
26/01/2023,9.6
26/01/2023,8.8
26/01/2023,8
26/01/2023,6.6
26/01/2023,5.5
26/01/2023,5.2
26/01/2023,5.4
26/01/2023,7.3
26/01/2023,10.9
26/01/2023,14.9
26/01/2023,17.7
26/01/2023,19.8
26/01/2023,21.3
26/01/2023,21.8
26/01/2023,22.3
26/01/2023,22.2
26/01/2023,20.5
26/01/2023,17.9
26/01/2023,16
26/01/2023,12.1
26/01/2023,10.3
26/01/2023,9.2
27/01/2023,8.2
27/01/2023,7.3
27/01/2023,6.2
27/01/2023,5.3
27/01/2023,4.4
27/01/2023,4.1
27/01/2023,3.8
27/01/2023,3.5
27/01/2023,2
27/01/2023,4.7
27/01/2023,8.4
27/01/2023,12.4
27/01/2023,16.5
27/01/2023,19.4
27/01/2023,21.5
27/01/2023,22.9
27/01/2023,23.7
27/01/2023,23.2
27/01/2023,21.7
27/01/2023,18.4
27/01/2023,16
27/01/2023,14.7
27/01/2023,13.8
27/01/2023,11.8
28/01/2023,10.1
28/01/2023,8.8
28/01/2023,7.7
28/01/2023,7.6
28/01/2023,6.5
28/01/2023,5.4
28/01/2023,4.9
28/01/2023,4
28/01/2023,3.6
28/01/2023,6.4
28/01/2023,10.6
28/01/2023,15.1
28/01/2023,18.6
28/01/2023,21.4
28/01/2023,23.4
28/01/2023,25.1
28/01/2023,25.6
28/01/2023,24.6
28/01/2023,22.9
28/01/2023,20.2
28/01/2023,18
28/01/2023,16.7
28/01/2023,15.6
28/01/2023,14.1
29/01/2023,12.1
29/01/2023,10.8
29/01/2023,9.4
29/01/2023,8.1
29/01/2023,7.1
29/01/2023,6.5
29/01/2023,5.6
29/01/2023,4.8
29/01/2023,4.4
29/01/2023,7.6
29/01/2023,11.9
29/01/2023,16.8
29/01/2023,20.1
29/01/2023,21.8
29/01/2023,23.4
29/01/2023,24.7
29/01/2023,25.7
29/01/2023,25.8
29/01/2023,25.1
29/01/2023,21.6
29/01/2023,18.3
29/01/2023,16.8
29/01/2023,15.6
29/01/2023,14.3
30/01/2023,13.2
30/01/2023,11.6
30/01/2023,10.4
30/01/2023,8.9
30/01/2023,7.8
30/01/2023,7.3
30/01/2023,6.2
30/01/2023,5.7
30/01/2023,6
30/01/2023,8.6
30/01/2023,12.9
30/01/2023,17.9
30/01/2023,21.3
30/01/2023,23
30/01/2023,24.7
30/01/2023,26.3
30/01/2023,27.3
30/01/2023,26.7
30/01/2023,25.3
30/01/2023,21.4
30/01/2023,17.6
30/01/2023,15.6
30/01/2023,14.8
30/01/2023,13.8
31/01/2023,12.5
31/01/2023,11.2
31/01/2023,9.5
31/01/2023,8.6
31/01/2023,7.3
31/01/2023,6.2
31/01/2023,6
31/01/2023,5
31/01/2023,4.5
31/01/2023,7.4
31/01/2023,11.9
31/01/2023,16.9
31/01/2023,21.2
31/01/2023,23.8
31/01/2023,25.3
31/01/2023,26.5
31/01/2023,27.1
31/01/2023,26.1
31/01/2023,24.1
31/01/2023,21.2
31/01/2023,19.1
31/01/2023,17.5
31/01/2023,16.1
31/01/2023,13.9
01/02/2023,11.9
01/02/2023,10.6
01/02/2023,9.8
01/02/2023,8.9
01/02/2023,8.2
01/02/2023,8
01/02/2023,7.5
01/02/2023,6
01/02/2023,5.1
01/02/2023,6.8
01/02/2023,10.8
01/02/2023,14.6
01/02/2023,18.2
01/02/2023,20.8
01/02/2023,23.2
01/02/2023,24.5
01/02/2023,24.7
01/02/2023,24.7
01/02/2023,23.5
01/02/2023,20.3
01/02/2023,17.7
01/02/2023,16.1
01/02/2023,14.9
01/02/2023,13.9
02/02/2023,12.1
02/02/2023,10.6
02/02/2023,8.7
02/02/2023,7.5
02/02/2023,6.7
02/02/2023,5.8
02/02/2023,5
02/02/2023,4.7
02/02/2023,4.7
02/02/2023,7.7
02/02/2023,12.1
02/02/2023,16.9
02/02/2023,20.5
02/02/2023,23.1
02/02/2023,24.9
02/02/2023,25.9
02/02/2023,26.5
02/02/2023,26.4
02/02/2023,25.4
02/02/2023,22
02/02/2023,18.5
02/02/2023,16.8
02/02/2023,15.1
02/02/2023,13.8
03/02/2023,13.4
03/02/2023,12.2
03/02/2023,11.5
03/02/2023,10.4
03/02/2023,9.3
03/02/2023,8.5
03/02/2023,7.6
03/02/2023,7.5
03/02/2023,6.8
03/02/2023,9.2
03/02/2023,11.2
03/02/2023,13
03/02/2023,14.8
03/02/2023,16.8
08/02/2023,10.9
08/02/2023,9.4
08/02/2023,7.9
08/02/2023,7
08/02/2023,6
08/02/2023,5.6
08/02/2023,5
08/02/2023,5.3
08/02/2023,8.5
08/02/2023,12.3
08/02/2023,16.2
08/02/2023,18.6
08/02/2023,20.6
08/02/2023,22.7
08/02/2023,23.3
08/02/2023,24.2
08/02/2023,23.5
08/02/2023,22
08/02/2023,19.4
08/02/2023,17.1
08/02/2023,15.8
08/02/2023,14.4
08/02/2023,13.1
09/02/2023,12.9
09/02/2023,12.3
09/02/2023,11.8
09/02/2023,10.4
09/02/2023,9.7
09/02/2023,9
09/02/2023,8.2
09/02/2023,7.3
09/02/2023,6.5
09/02/2023,8.3
09/02/2023,12.2
09/02/2023,15.5
09/02/2023,18.2
09/02/2023,20.7
09/02/2023,22.4
09/02/2023,22.8
09/02/2023,22.7
09/02/2023,22.8
09/02/2023,22.2
09/02/2023,18.8
09/02/2023,17.2
09/02/2023,16.8
09/02/2023,16.1
09/02/2023,15.4
10/02/2023,14
10/02/2023,12.9
10/02/2023,11.8
10/02/2023,11.1
10/02/2023,10.2
10/02/2023,9.9
10/02/2023,9.2
10/02/2023,8.9
10/02/2023,8
10/02/2023,10
10/02/2023,13.8
10/02/2023,18
10/02/2023,20.2
10/02/2023,20.8
10/02/2023,21.7
10/02/2023,22.6
10/02/2023,21
10/02/2023,21
10/02/2023,19.1
10/02/2023,16.8
10/02/2023,14.9
10/02/2023,13.7
10/02/2023,12.1
10/02/2023,11.4
11/02/2023,10.6
11/02/2023,9.4
11/02/2023,8.7
11/02/2023,7.7
11/02/2023,6.7
11/02/2023,6.6
11/02/2023,7
11/02/2023,7.5
11/02/2023,7.8
11/02/2023,8.1
11/02/2023,9.2
11/02/2023,11.9
11/02/2023,15.4
11/02/2023,17.9
11/02/2023,20.5
11/02/2023,22.3
11/02/2023,23.2
11/02/2023,23.4
11/02/2023,22.1
11/02/2023,18.6
11/02/2023,15.7
11/02/2023,14.9
11/02/2023,14.3
11/02/2023,13.2
12/02/2023,11.2
12/02/2023,9.9
12/02/2023,9
12/02/2023,8.3
12/02/2023,7.4
12/02/2023,6.6
12/02/2023,6.1
12/02/2023,5.5
12/02/2023,5.5
12/02/2023,7.9
12/02/2023,12
12/02/2023,15.3
12/02/2023,18.6
12/02/2023,21.8
12/02/2023,23.9
12/02/2023,25.1
12/02/2023,25.9
12/02/2023,26.5
12/02/2023,25.1
12/02/2023,21.2
12/02/2023,19.3
12/02/2023,17.6
12/02/2023,15.5
12/02/2023,14.6
13/02/2023,14
13/02/2023,12.6
13/02/2023,11.3
13/02/2023,9.9
13/02/2023,8.9
13/02/2023,8.3
13/02/2023,7.8
13/02/2023,7
13/02/2023,6.8
13/02/2023,9.6
13/02/2023,14.3
13/02/2023,17.9
13/02/2023,21.2
13/02/2023,23.5
13/02/2023,25
13/02/2023,26.5
13/02/2023,26.9
13/02/2023,26.1
13/02/2023,24
13/02/2023,21.2
13/02/2023,19.4
13/02/2023,18.3
13/02/2023,16.9
13/02/2023,14.7
14/02/2023,13.5
14/02/2023,11.8
14/02/2023,10.8
14/02/2023,9.7
14/02/2023,9.1
14/02/2023,8
14/02/2023,7.3
14/02/2023,6.8
14/02/2023,6.6
14/02/2023,10.8
14/02/2023,15.5
14/02/2023,19.3
14/02/2023,21.4
14/02/2023,22.8
14/02/2023,23.8
14/02/2023,24.2
14/02/2023,24.2
14/02/2023,23.8
14/02/2023,22.7
14/02/2023,20.6
14/02/2023,18.7
14/02/2023,17.7
14/02/2023,16.9
14/02/2023,15.9
15/02/2023,14.8
15/02/2023,13.4
15/02/2023,11.7
15/02/2023,10.1
15/02/2023,8.7
15/02/2023,7.7
15/02/2023,7.1
15/02/2023,6.7
15/02/2023,5.9
15/02/2023,10.1
15/02/2023,15.2
15/02/2023,17.7
15/02/2023,20.9
15/02/2023,23.4
15/02/2023,24.8
15/02/2023,26
15/02/2023,26.8
15/02/2023,26.3
15/02/2023,25
15/02/2023,21.9
15/02/2023,19.3
15/02/2023,18.2
15/02/2023,17.2
15/02/2023,15.8
16/02/2023,14.4
16/02/2023,12.4
16/02/2023,11.2
16/02/2023,9.9
16/02/2023,8.7
16/02/2023,7.8
16/02/2023,6.9
16/02/2023,6.3
16/02/2023,6
16/02/2023,9.6
16/02/2023,14.9
16/02/2023,18.9
16/02/2023,22.6
16/02/2023,26.1
16/02/2023,28
16/02/2023,29
16/02/2023,29.5
16/02/2023,29.7
16/02/2023,28.7
16/02/2023,24.2
16/02/2023,21.3
16/02/2023,19
16/02/2023,17.4
16/02/2023,16.2
17/02/2023,15
17/02/2023,13.8
17/02/2023,12.2
17/02/2023,10.9
17/02/2023,9.5
17/02/2023,8.2
17/02/2023,7.9
17/02/2023,7.5
17/02/2023,7.4
17/02/2023,9.9
17/02/2023,13.7
17/02/2023,16.8
17/02/2023,20
17/02/2023,22.5
17/02/2023,24.6
17/02/2023,26.4
17/02/2023,26.7
17/02/2023,26.5
17/02/2023,25
17/02/2023,21.8
17/02/2023,16.8
17/02/2023,13.1
17/02/2023,10.8
17/02/2023,9.3
18/02/2023,8.1
18/02/2023,7.2
18/02/2023,6.3
18/02/2023,5.6
18/02/2023,4.8
18/02/2023,4
18/02/2023,3.5
18/02/2023,3.4
18/02/2023,3.3
18/02/2023,6.8
18/02/2023,11.7
18/02/2023,15.5
18/02/2023,19.1
18/02/2023,21.6
18/02/2023,23.5
18/02/2023,25
18/02/2023,25.5
18/02/2023,25.8
18/02/2023,24.5
18/02/2023,21.8
18/02/2023,19.3
18/02/2023,17.3
18/02/2023,15.6
18/02/2023,13.9
19/02/2023,12.7
19/02/2023,11.4
19/02/2023,10.6
19/02/2023,9.2
19/02/2023,8.1
19/02/2023,7.1
19/02/2023,5.9
19/02/2023,5
19/02/2023,5
19/02/2023,9.6
19/02/2023,14.2
19/02/2023,17.2
19/02/2023,19.9
19/02/2023,22.9
19/02/2023,25.1
19/02/2023,26.3
19/02/2023,26.6
19/02/2023,25.8
19/02/2023,24.2
19/02/2023,21.6
19/02/2023,19.4
19/02/2023,18
19/02/2023,16
19/02/2023,13.6
20/02/2023,12
20/02/2023,11.3
20/02/2023,9.2
20/02/2023,8.5
20/02/2023,7.4
20/02/2023,6.7
20/02/2023,5.3
20/02/2023,4.9
20/02/2023,5.1
20/02/2023,8.9
20/02/2023,13.7
20/02/2023,16.8
20/02/2023,20
20/02/2023,22.5
20/02/2023,24.6
20/02/2023,26.3
20/02/2023,26.9
20/02/2023,27.5
20/02/2023,26.6
20/02/2023,23.1
20/02/2023,19.2
20/02/2023,17.2
20/02/2023,16
20/02/2023,14.7
21/02/2023,12.4
21/02/2023,10.7
21/02/2023,9.5
21/02/2023,8.2
21/02/2023,7.5
21/02/2023,7
21/02/2023,6.4
21/02/2023,5.2
21/02/2023,5.2
21/02/2023,8.6
21/02/2023,14
21/02/2023,17.3
21/02/2023,20.5
21/02/2023,22.4
21/02/2023,24.3
21/02/2023,24.3
21/02/2023,23.8
21/02/2023,22.9
21/02/2023,20.9
21/02/2023,18.4
21/02/2023,16.9
21/02/2023,16.3
21/02/2023,15.9
21/02/2023,15.4
22/02/2023,14.5
22/02/2023,14
22/02/2023,13.3
22/02/2023,12.4
22/02/2023,11.7
22/02/2023,10.4
22/02/2023,9.5
22/02/2023,8.5
22/02/2023,9.2
22/02/2023,11.1
22/02/2023,14.9
22/02/2023,16.1
22/02/2023,18.1
22/02/2023,19.6
22/02/2023,20.2
22/02/2023,21.8
22/02/2023,22.8
22/02/2023,22.9
22/02/2023,21.6
22/02/2023,19.3
22/02/2023,16.6
22/02/2023,15.2
22/02/2023,14.2
22/02/2023,13
23/02/2023,11.4
23/02/2023,10
23/02/2023,8.8
23/02/2023,8
23/02/2023,7.1
23/02/2023,6.2
23/02/2023,5.6
23/02/2023,4.9
23/02/2023,4.9
23/02/2023,8.6
23/02/2023,14.1
23/02/2023,16.7
23/02/2023,19.6
23/02/2023,22.6
23/02/2023,24.9
23/02/2023,26
23/02/2023,26.8
23/02/2023,27.8
23/02/2023,26.9
23/02/2023,22.2
23/02/2023,18.6
23/02/2023,16.8
23/02/2023,15.8
23/02/2023,14.7
24/02/2023,13.4
24/02/2023,11.9
24/02/2023,10.6
24/02/2023,9.2
24/02/2023,8.2
24/02/2023,7.2
24/02/2023,6.4
24/02/2023,6
24/02/2023,6
24/02/2023,9.6
24/02/2023,14.4
24/02/2023,17.4
24/02/2023,20.5
24/02/2023,23.7
24/02/2023,26
24/02/2023,26.3
24/02/2023,26.7
24/02/2023,27.3
24/02/2023,25.1
24/02/2023,22.2
24/02/2023,18.9
24/02/2023,16.4
24/02/2023,15.3
24/02/2023,14.1
25/02/2023,12.7
25/02/2023,11.2
25/02/2023,10.5
25/02/2023,9.8
25/02/2023,8.7
25/02/2023,8
25/02/2023,6.9
25/02/2023,5.9
25/02/2023,5.9
25/02/2023,8.6
25/02/2023,13.5
25/02/2023,16.8
25/02/2023,19.8
25/02/2023,21.8
25/02/2023,23.7
25/02/2023,23.8
25/02/2023,24
25/02/2023,23.6
25/02/2023,22.8
25/02/2023,20.8
25/02/2023,18.7
25/02/2023,17.4
25/02/2023,15.9
25/02/2023,15
26/02/2023,13.3
26/02/2023,11.7
26/02/2023,10.8
26/02/2023,9.8
26/02/2023,8.7
26/02/2023,7.7
26/02/2023,6.7
26/02/2023,6.2
26/02/2023,6.5
26/02/2023,10.2
26/02/2023,15.5
26/02/2023,18.9
26/02/2023,22.7
26/02/2023,25
26/02/2023,27
26/02/2023,26.8
26/02/2023,25.5
26/02/2023,26.4
26/02/2023,26
26/02/2023,23.5
26/02/2023,21.7
26/02/2023,20.1
26/02/2023,18.9
26/02/2023,18.1
27/02/2023,16.4
27/02/2023,14.6
27/02/2023,13.1
27/02/2023,11.8
27/02/2023,10.8
27/02/2023,9.9
27/02/2023,8.9
27/02/2023,8.2
27/02/2023,8
27/02/2023,12
27/02/2023,17.5
27/02/2023,20.5
27/02/2023,22.7
27/02/2023,24
27/02/2023,26
27/02/2023,26.5
27/02/2023,27.4
27/02/2023,27
27/02/2023,26.2
27/02/2023,24.2
27/02/2023,21.2
27/02/2023,19.6
27/02/2023,18.3
27/02/2023,17.5
28/02/2023,16.6
28/02/2023,15.8
28/02/2023,14.8
28/02/2023,12.9
28/02/2023,11
28/02/2023,9.4
28/02/2023,7.9
28/02/2023,6.9
28/02/2023,7.1
28/02/2023,11.3
28/02/2023,16.8
28/02/2023,20.4
28/02/2023,23.5
28/02/2023,26
28/02/2023,27.4
28/02/2023,27.9
28/02/2023,28.4
28/02/2023,28.6
28/02/2023,26.3
28/02/2023,23.3
28/02/2023,21.5
28/02/2023,20.4
28/02/2023,19.1
28/02/2023,17.5
01/03/2023,15.9
01/03/2023,15.3
01/03/2023,13.9
01/03/2023,12.5
01/03/2023,11.5
01/03/2023,10.7
01/03/2023,9.9
01/03/2023,9.1
01/03/2023,9.3
01/03/2023,12.9
01/03/2023,17.8
01/03/2023,20.7
01/03/2023,23.6
01/03/2023,25.6
01/03/2023,27.2
01/03/2023,26.8
01/03/2023,27.9
01/03/2023,26.7
01/03/2023,25.2
01/03/2023,22.5
01/03/2023,20.8
01/03/2023,20
01/03/2023,18.8
01/03/2023,18.2
02/03/2023,16.3
02/03/2023,14.9
02/03/2023,13
02/03/2023,11.5
02/03/2023,10.2
02/03/2023,9.3
02/03/2023,8.8
02/03/2023,8.2
02/03/2023,8.2
02/03/2023,12.2
02/03/2023,17.8
02/03/2023,21
02/03/2023,23.9
02/03/2023,26
02/03/2023,27
02/03/2023,27.5
02/03/2023,27.1
02/03/2023,26.5
02/03/2023,25.1
02/03/2023,22.7
02/03/2023,21.1
02/03/2023,19.9
02/03/2023,18.4
02/03/2023,17.2
03/03/2023,15.8
03/03/2023,14.4
03/03/2023,13.4
03/03/2023,11.4
03/03/2023,10.2
03/03/2023,9.2
03/03/2023,8.2
03/03/2023,7.3
03/03/2023,7.7
03/03/2023,12.4
03/03/2023,17.5
03/03/2023,20.2
03/03/2023,23.7
03/03/2023,26.2
03/03/2023,27.7
03/03/2023,27.9
03/03/2023,27.8
03/03/2023,26.6
03/03/2023,24.7
03/03/2023,22.3
03/03/2023,20.5
03/03/2023,19.3
03/03/2023,18.1
03/03/2023,16.7
04/03/2023,15.5
04/03/2023,14.5
04/03/2023,13.2
04/03/2023,11.4
04/03/2023,10.2
04/03/2023,8.2
04/03/2023,7.8
04/03/2023,6.9
04/03/2023,7.1
04/03/2023,12.3
04/03/2023,17.8
04/03/2023,20.8
04/03/2023,23.3
04/03/2023,25.5
04/03/2023,27
04/03/2023,28
04/03/2023,28.7
04/03/2023,28.9
04/03/2023,27.4
04/03/2023,23.1
04/03/2023,20.4
04/03/2023,18.9
04/03/2023,17.3
04/03/2023,16.1
05/03/2023,15.1
05/03/2023,13.8
05/03/2023,12.6
05/03/2023,11.6
05/03/2023,10.9
05/03/2023,9.4
05/03/2023,8.4
05/03/2023,8
05/03/2023,7.6
05/03/2023,10.5
05/03/2023,13.7
05/03/2023,17.1
05/03/2023,22.7
05/03/2023,25.4
05/03/2023,26.4
05/03/2023,28
05/03/2023,28.6
05/03/2023,28
05/03/2023,25.1
05/03/2023,24
05/03/2023,21.1
05/03/2023,19.5
05/03/2023,18.2
05/03/2023,16.7
06/03/2023,16.2
06/03/2023,15.2
06/03/2023,13.6
06/03/2023,12
06/03/2023,10.9
06/03/2023,9.9
06/03/2023,9.2
06/03/2023,8.7
06/03/2023,8.9
06/03/2023,12.7
06/03/2023,18.2
06/03/2023,21.1
06/03/2023,24.1
06/03/2023,25.4
06/03/2023,26.9
06/03/2023,28.3
06/03/2023,28.3
06/03/2023,27
06/03/2023,25.7
06/03/2023,22.8
06/03/2023,20.8
06/03/2023,19
06/03/2023,16.7
06/03/2023,15.4
07/03/2023,14.7
07/03/2023,12.5
07/03/2023,10.4
07/03/2023,9.2
07/03/2023,7.9
07/03/2023,6.5
07/03/2023,5.7
07/03/2023,5.2
07/03/2023,5.9
07/03/2023,9.8
07/03/2023,15.8
07/03/2023,19.6
07/03/2023,22.7
07/03/2023,25.3
07/03/2023,26.8
07/03/2023,28.3
07/03/2023,28
07/03/2023,28
07/03/2023,26.5
07/03/2023,23.3
07/03/2023,19.7
07/03/2023,17
07/03/2023,15.8
07/03/2023,14.4
08/03/2023,12.7
08/03/2023,10.9
08/03/2023,9.6
08/03/2023,8.4
08/03/2023,7.5
08/03/2023,6.4
08/03/2023,5.3
08/03/2023,5
08/03/2023,5.4
08/03/2023,9.8
08/03/2023,15.1
08/03/2023,19.2
08/03/2023,21.6
08/03/2023,23.9
08/03/2023,25.2
08/03/2023,26.1
08/03/2023,27.3
08/03/2023,26.5
08/03/2023,25.6
08/03/2023,23
08/03/2023,19.8
08/03/2023,17.4
08/03/2023,15.8
08/03/2023,14.2
09/03/2023,13.1
09/03/2023,11.5
09/03/2023,9.8
09/03/2023,9.2
09/03/2023,8
09/03/2023,7.2
09/03/2023,6.7
09/03/2023,6.1
09/03/2023,6.4
09/03/2023,10.4
09/03/2023,15.7
09/03/2023,18.7
09/03/2023,21.4
09/03/2023,23.5
09/03/2023,25.6
09/03/2023,26.1
09/03/2023,27.2
09/03/2023,27.5
09/03/2023,26.5
09/03/2023,23.9
09/03/2023,20.5
09/03/2023,18.3
09/03/2023,16.4
09/03/2023,14.8
10/03/2023,13
10/03/2023,12.1
10/03/2023,11
10/03/2023,9.2
10/03/2023,8.1
10/03/2023,7.2
10/03/2023,7
10/03/2023,6.5
10/03/2023,6.9
10/03/2023,10.9
10/03/2023,16.1
10/03/2023,20.1
10/03/2023,22.7
10/03/2023,24.7
10/03/2023,26.5
10/03/2023,27.4
10/03/2023,27.7
10/03/2023,26.9
10/03/2023,24.7
10/03/2023,21.3
10/03/2023,18.6
10/03/2023,16.7
10/03/2023,15.5
10/03/2023,14.2
11/03/2023,12.6
11/03/2023,11.6
11/03/2023,10.3
11/03/2023,9.1
11/03/2023,8.3
11/03/2023,7.4
11/03/2023,7.1
11/03/2023,6.5
11/03/2023,6.7
11/03/2023,10.5
11/03/2023,15.9
11/03/2023,20
11/03/2023,22.8
11/03/2023,25
11/03/2023,26.3
11/03/2023,26.5
11/03/2023,27.3
11/03/2023,26.7
11/03/2023,24
11/03/2023,21.9
11/03/2023,19
11/03/2023,15.9
11/03/2023,16.5
11/03/2023,14.6
12/03/2023,12.8
12/03/2023,11.9
12/03/2023,11
12/03/2023,10.2
12/03/2023,8.8
12/03/2023,8.4
12/03/2023,8
12/03/2023,7.3
12/03/2023,7.3
12/03/2023,11.7
12/03/2023,17.1
12/03/2023,20.7
12/03/2023,22.7
12/03/2023,24.4
12/03/2023,26.6
12/03/2023,25.2
12/03/2023,19
12/03/2023,14.8
12/03/2023,14.4
12/03/2023,14.1
12/03/2023,13.4
12/03/2023,12.8
12/03/2023,12
12/03/2023,11.8
13/03/2023,11.6
13/03/2023,11.7
13/03/2023,11.8
13/03/2023,11.4
13/03/2023,10.7
13/03/2023,10
13/03/2023,9.4
13/03/2023,7.9
13/03/2023,7.4
13/03/2023,10.9
13/03/2023,15.4
13/03/2023,17.9
13/03/2023,21.1
13/03/2023,23.8
13/03/2023,25.4
13/03/2023,24.8
13/03/2023,22.3
13/03/2023,20
13/03/2023,17.3
13/03/2023,14.2
13/03/2023,14.8
13/03/2023,13.8
13/03/2023,12.7
13/03/2023,11.9
14/03/2023,11.2
14/03/2023,10.6
14/03/2023,10.1
14/03/2023,9.3
14/03/2023,8.8
14/03/2023,7.9
14/03/2023,7
14/03/2023,6.4
14/03/2023,6.5
14/03/2023,10.4
14/03/2023,15.6
14/03/2023,19.3
14/03/2023,21.7
14/03/2023,23.1
14/03/2023,24.3
14/03/2023,25.4
14/03/2023,22.2
14/03/2023,18.9
14/03/2023,18.2
14/03/2023,17.1
14/03/2023,15.2
14/03/2023,13.7
14/03/2023,13
14/03/2023,13.2
15/03/2023,13.1
15/03/2023,12.6
15/03/2023,11.7
15/03/2023,11.3
15/03/2023,11
15/03/2023,10.5
15/03/2023,9.5
15/03/2023,8.5
15/03/2023,8.6
15/03/2023,11.7
15/03/2023,14.2
15/03/2023,18
15/03/2023,20.9
15/03/2023,22.4
15/03/2023,16.8
15/03/2023,15.4
15/03/2023,14.2
15/03/2023,15.1
15/03/2023,15.6
15/03/2023,13.4
15/03/2023,12.3
15/03/2023,11.9
15/03/2023,10.9
15/03/2023,9.8
16/03/2023,8.9
16/03/2023,8.8
16/03/2023,8.8
16/03/2023,8.6
16/03/2023,8.3
16/03/2023,8.3
16/03/2023,8.2
16/03/2023,8.2
16/03/2023,8.6
16/03/2023,12
16/03/2023,14.4
16/03/2023,16.9
16/03/2023,19
16/03/2023,21
16/03/2023,22.5
16/03/2023,22.1
16/03/2023,21
16/03/2023,20
16/03/2023,17.9
16/03/2023,16.3
16/03/2023,14.9
16/03/2023,14.3
16/03/2023,13.7
16/03/2023,13
17/03/2023,13.1
17/03/2023,13
17/03/2023,12.5
17/03/2023,11.5
17/03/2023,10
17/03/2023,8.6
17/03/2023,7.5
17/03/2023,6.5
17/03/2023,6.8
17/03/2023,10.9
17/03/2023,15.6
17/03/2023,18.1
17/03/2023,19.8
17/03/2023,22.1
17/03/2023,23.4
17/03/2023,24.4
17/03/2023,24.1
17/03/2023,22.9
17/03/2023,20.7
17/03/2023,19
17/03/2023,17.9
17/03/2023,17.4
17/03/2023,17
17/03/2023,15.3
18/03/2023,14.1
18/03/2023,14.3
18/03/2023,13.6
18/03/2023,12.9
18/03/2023,12.3
18/03/2023,12.3
18/03/2023,12.1
18/03/2023,11.3
18/03/2023,10
18/03/2023,13
18/03/2023,16.9
18/03/2023,18.7
18/03/2023,20.2
18/03/2023,21.5
18/03/2023,21.7
18/03/2023,21.4
18/03/2023,19.6
18/03/2023,16.6
18/03/2023,15.2
18/03/2023,15.4
18/03/2023,13.6
18/03/2023,11.5
18/03/2023,11
18/03/2023,10.4
19/03/2023,10.4
19/03/2023,10
19/03/2023,9.5
19/03/2023,8.3
19/03/2023,7
19/03/2023,6.7
19/03/2023,6.3
19/03/2023,6.1
19/03/2023,6.6
19/03/2023,7.3
19/03/2023,10.9
19/03/2023,14.9
19/03/2023,18.1
19/03/2023,19.5
19/03/2023,20.1
19/03/2023,20.4
19/03/2023,20
19/03/2023,18.4
19/03/2023,17.5
19/03/2023,14.6
19/03/2023,12.4
19/03/2023,10
19/03/2023,8.2
19/03/2023,7.7
20/03/2023,6.9
20/03/2023,6
20/03/2023,5.1
20/03/2023,4.2
20/03/2023,3.6
20/03/2023,3.3
20/03/2023,2.9
20/03/2023,2.4
20/03/2023,3.9
20/03/2023,8.9
20/03/2023,13.5
20/03/2023,16.4
20/03/2023,19.6
20/03/2023,21.9
20/03/2023,23.1
20/03/2023,23.8
20/03/2023,24.1
20/03/2023,23.9
20/03/2023,21.7
20/03/2023,19
20/03/2023,17.7
20/03/2023,16.9
20/03/2023,16.3
20/03/2023,15.5
21/03/2023,13.8
21/03/2023,12.4
21/03/2023,11.3
21/03/2023,9.8
21/03/2023,8.7
21/03/2023,7.8
21/03/2023,7.3
21/03/2023,6.4
21/03/2023,7.4
21/03/2023,12.7
21/03/2023,17.1
21/03/2023,19.9
21/03/2023,22
21/03/2023,24
21/03/2023,26
21/03/2023,25.9
21/03/2023,27
21/03/2023,27.2
21/03/2023,26.7
21/03/2023,24.1
21/03/2023,20.3
21/03/2023,18.5
21/03/2023,17.2
21/03/2023,15.3
22/03/2023,13.9
22/03/2023,13
22/03/2023,11.8
22/03/2023,10.2
22/03/2023,9.3
22/03/2023,8.7
22/03/2023,7.8
22/03/2023,7.1
22/03/2023,8.6
22/03/2023,13.8
22/03/2023,18.6
22/03/2023,20.8
22/03/2023,23.6
22/03/2023,25.2
22/03/2023,26.2
22/03/2023,27.7
22/03/2023,28.5
22/03/2023,28.6
22/03/2023,27.4
22/03/2023,24.3
22/03/2023,20.8
22/03/2023,18.9
22/03/2023,17.3
22/03/2023,16.2
23/03/2023,15.4
23/03/2023,13.8
23/03/2023,12.2
23/03/2023,11.5
23/03/2023,9.8
23/03/2023,9.1
23/03/2023,8.3
23/03/2023,8.1
23/03/2023,9.6
23/03/2023,13.8
23/03/2023,17.3
23/03/2023,19.6
23/03/2023,22.9
23/03/2023,24.9
23/03/2023,26.6
23/03/2023,27.7
23/03/2023,28
23/03/2023,27.9
23/03/2023,26.4
23/03/2023,23.4
23/03/2023,21.1
23/03/2023,20.4
23/03/2023,18.1
23/03/2023,15.2
24/03/2023,14.9
24/03/2023,13.8
24/03/2023,12.9
24/03/2023,12.7
24/03/2023,12.1
24/03/2023,11.5
24/03/2023,10.7
24/03/2023,9.7
24/03/2023,10.9
24/03/2023,15.2
24/03/2023,18.4
24/03/2023,20.5
24/03/2023,22.9
24/03/2023,24.8
24/03/2023,27.1
24/03/2023,28.1
24/03/2023,28.9
24/03/2023,28.5
24/03/2023,24.4
24/03/2023,23
24/03/2023,18
24/03/2023,16.8
24/03/2023,17
24/03/2023,16.5
25/03/2023,15
25/03/2023,13.8
25/03/2023,12.8
25/03/2023,11.7
25/03/2023,10.9
25/03/2023,10.3
25/03/2023,9.7
25/03/2023,9
25/03/2023,10
25/03/2023,14.2
25/03/2023,18.8
25/03/2023,21.8
25/03/2023,23.3
25/03/2023,25.8
25/03/2023,27.4
25/03/2023,27.8
25/03/2023,28.8
25/03/2023,28.1
25/03/2023,26.9
25/03/2023,23.7
25/03/2023,21.1
25/03/2023,16.7
25/03/2023,16.7
25/03/2023,15.5
26/03/2023,14.2
26/03/2023,13.3
26/03/2023,13.2
26/03/2023,12.2
26/03/2023,11.1
26/03/2023,10.3
26/03/2023,9.7
26/03/2023,8.9
26/03/2023,10.5
26/03/2023,15.2
26/03/2023,19.1
26/03/2023,22.1
26/03/2023,24
26/03/2023,25.8
26/03/2023,27.4
26/03/2023,28.7
26/03/2023,29
26/03/2023,29
26/03/2023,27.4
26/03/2023,23.8
26/03/2023,20.8
26/03/2023,17.3
26/03/2023,16
26/03/2023,16.1
27/03/2023,15.7
27/03/2023,15.1
27/03/2023,13.7
27/03/2023,12.9
27/03/2023,11.8
27/03/2023,10.7
27/03/2023,9.8
27/03/2023,9.1
27/03/2023,10.3
27/03/2023,14.9
27/03/2023,19.4
27/03/2023,23.2
27/03/2023,24.9
27/03/2023,27.5
27/03/2023,28.8
27/03/2023,29.9
27/03/2023,29.9
27/03/2023,27.7
27/03/2023,26.4
27/03/2023,24
27/03/2023,16
27/03/2023,15.5
27/03/2023,16.9
27/03/2023,18.3
28/03/2023,17.7
28/03/2023,14.9
28/03/2023,13.3
28/03/2023,12.5
28/03/2023,11.4
28/03/2023,11.1
28/03/2023,10.4
28/03/2023,10
28/03/2023,11.5
28/03/2023,14.7
28/03/2023,18.9
28/03/2023,21.8
28/03/2023,23.1
28/03/2023,24.6
28/03/2023,26.2
28/03/2023,28.5
28/03/2023,27.9
28/03/2023,24.2
28/03/2023,15.9
28/03/2023,15.7
28/03/2023,14.8
28/03/2023,13.3
28/03/2023,13.5
28/03/2023,13.4
29/03/2023,12.3
29/03/2023,11
29/03/2023,10.5
29/03/2023,9.9
29/03/2023,9.6
29/03/2023,9.7
29/03/2023,9.1
29/03/2023,8.5
29/03/2023,9.5
29/03/2023,13.8
29/03/2023,16.5
29/03/2023,18.8
29/03/2023,20.5
29/03/2023,23.1
29/03/2023,24.9
29/03/2023,25.8
29/03/2023,26.3
29/03/2023,26.1
29/03/2023,21.1
29/03/2023,12.3
29/03/2023,12.5
29/03/2023,13.4
29/03/2023,12
29/03/2023,11.5
30/03/2023,11.7
30/03/2023,11.3
30/03/2023,10.8
30/03/2023,10.6
30/03/2023,9.6
30/03/2023,8.9
30/03/2023,8.5
30/03/2023,8.2
30/03/2023,9.4
30/03/2023,12.9
30/03/2023,16.7
30/03/2023,18.6
30/03/2023,20.7
30/03/2023,23.4
30/03/2023,25
30/03/2023,26.1
30/03/2023,26.8
30/03/2023,26.4
30/03/2023,25.6
30/03/2023,22
30/03/2023,19.7
30/03/2023,18.3
30/03/2023,17.4
30/03/2023,15.7
31/03/2023,14.1
31/03/2023,13.2
31/03/2023,11.7
31/03/2023,11.2
31/03/2023,10.3
31/03/2023,9.7
31/03/2023,9.5
31/03/2023,8.6
31/03/2023,10.3
31/03/2023,14.4
31/03/2023,18.7
31/03/2023,20.7
31/03/2023,22
31/03/2023,23.5
31/03/2023,26.2
31/03/2023,27.5
31/03/2023,28.6
31/03/2023,28.9
31/03/2023,28.2
31/03/2023,23.1
31/03/2023,20.5
31/03/2023,18.7
31/03/2023,17.8
31/03/2023,17.1
01/04/2023,16.2
01/04/2023,14.8
01/04/2023,14.1
01/04/2023,13
01/04/2023,12.1
01/04/2023,11.1
01/04/2023,10.4
01/04/2023,9.9
01/04/2023,10.8
01/04/2023,15
01/04/2023,19.3
01/04/2023,22.3
01/04/2023,24.8
01/04/2023,27.1
01/04/2023,28.8
01/04/2023,29.5
01/04/2023,30.5
01/04/2023,29.7
01/04/2023,24.7
01/04/2023,20.6
01/04/2023,17.8
01/04/2023,16.9
01/04/2023,15.4
01/04/2023,14.5
02/04/2023,13.9
02/04/2023,13.6
02/04/2023,12.6
02/04/2023,11.8
02/04/2023,10.9
02/04/2023,10.5
02/04/2023,9.9
02/04/2023,9.3
02/04/2023,10.2
02/04/2023,13.4
02/04/2023,18.1
02/04/2023,22.1
02/04/2023,24.5
02/04/2023,26
02/04/2023,27.7
02/04/2023,28.1
02/04/2023,29.3
02/04/2023,29.3
02/04/2023,28.3
02/04/2023,24.4
02/04/2023,22.5
02/04/2023,18.6
02/04/2023,16.3
02/04/2023,16.3
03/04/2023,15.5
03/04/2023,14.7
03/04/2023,13.6
03/04/2023,12.5
03/04/2023,11.4
03/04/2023,10.2
03/04/2023,10
03/04/2023,9.5
03/04/2023,11.2
03/04/2023,15.2
03/04/2023,19.9
03/04/2023,22.2
03/04/2023,24.4
03/04/2023,26.3
03/04/2023,28.2
03/04/2023,29.5
03/04/2023,31.1
03/04/2023,30.6
03/04/2023,27.7
03/04/2023,25.3
03/04/2023,23.1
03/04/2023,21.6
03/04/2023,20.2
03/04/2023,19
04/04/2023,17
04/04/2023,15.6
04/04/2023,14.6
04/04/2023,13.7
04/04/2023,12.1
04/04/2023,11.4
04/04/2023,10.8
04/04/2023,10.1
04/04/2023,11.8
04/04/2023,16.4
04/04/2023,19.4
04/04/2023,22.2
04/04/2023,24.2
04/04/2023,25.9
04/04/2023,27.5
04/04/2023,28.7
04/04/2023,28.7
04/04/2023,27.8
04/04/2023,25.7
04/04/2023,23.6
04/04/2023,21.7
04/04/2023,20.2
04/04/2023,18.9
04/04/2023,17.9
05/04/2023,16.6
05/04/2023,15.3
05/04/2023,13.9
05/04/2023,12.4
05/04/2023,11.3
05/04/2023,10.3
05/04/2023,9.7
05/04/2023,9.1
05/04/2023,10.8
05/04/2023,15.9
05/04/2023,20.9
05/04/2023,23.3
05/04/2023,25.5
05/04/2023,27.3
05/04/2023,29.1
05/04/2023,30.1
05/04/2023,30
05/04/2023,29.5
05/04/2023,27.1
05/04/2023,24.3
05/04/2023,22.4
05/04/2023,20.7
05/04/2023,19
05/04/2023,17.1
06/04/2023,15.8
06/04/2023,15.2
06/04/2023,14.3
06/04/2023,13.5
06/04/2023,13.5
06/04/2023,13.3
06/04/2023,13.1
06/04/2023,11.6
06/04/2023,12.5
06/04/2023,16.4
06/04/2023,19.1
06/04/2023,21.8
06/04/2023,23.8
06/04/2023,26.1
06/04/2023,27.4
06/04/2023,27.5
06/04/2023,26.8
06/04/2023,25.4
06/04/2023,24.4
06/04/2023,22.4
06/04/2023,20.7
06/04/2023,19.4
06/04/2023,17.5
06/04/2023,16
07/04/2023,15
07/04/2023,14.3
07/04/2023,13.6
07/04/2023,12.8
07/04/2023,12.4
07/04/2023,11.6
07/04/2023,11.1
07/04/2023,10.9
07/04/2023,11.7
07/04/2023,15.9
07/04/2023,18.3
07/04/2023,20.5
07/04/2023,22.9
07/04/2023,24.8
07/04/2023,25.8
07/04/2023,26
07/04/2023,26.2
07/04/2023,25.9
07/04/2023,23.8
07/04/2023,21
07/04/2023,16.5
07/04/2023,15.7
07/04/2023,15.2
07/04/2023,14.5
08/04/2023,13.7
08/04/2023,13.5
08/04/2023,12.8
08/04/2023,11.7
08/04/2023,11
08/04/2023,10.5
08/04/2023,10.1
08/04/2023,10.3
08/04/2023,11.2
08/04/2023,13
08/04/2023,16.9
08/04/2023,20
08/04/2023,21.8
08/04/2023,24.1
08/04/2023,25.9
08/04/2023,26.7
08/04/2023,25.9
08/04/2023,23.7
08/04/2023,20.9
08/04/2023,19.4
08/04/2023,17.2
08/04/2023,15.2
08/04/2023,14.5
08/04/2023,14.5
09/04/2023,14.5
09/04/2023,13.7
09/04/2023,13.9
09/04/2023,13.2
09/04/2023,12.5
09/04/2023,11.5
09/04/2023,11
09/04/2023,10.5
09/04/2023,11.2
09/04/2023,13.9
09/04/2023,17.9
09/04/2023,20.8
09/04/2023,22.1
09/04/2023,24.4
09/04/2023,26
09/04/2023,27.3
09/04/2023,26.4
09/04/2023,23.8
09/04/2023,18.9
09/04/2023,13.5
09/04/2023,12.9
09/04/2023,12.8
09/04/2023,13.1
09/04/2023,13
10/04/2023,12.6
10/04/2023,12.3
10/04/2023,12.5
10/04/2023,12.3
10/04/2023,11.6
10/04/2023,11.2
10/04/2023,10.9
10/04/2023,10.2
10/04/2023,11.4
10/04/2023,14.3
10/04/2023,16.7
10/04/2023,18.8
10/04/2023,20.1
10/04/2023,22.7
10/04/2023,24.1
10/04/2023,25
10/04/2023,23.4
10/04/2023,20.3
10/04/2023,15
10/04/2023,13.2
10/04/2023,13.4
10/04/2023,13.3
10/04/2023,13
10/04/2023,12
11/04/2023,11.1
11/04/2023,10.4
11/04/2023,9.7
11/04/2023,8.9
11/04/2023,8.9
11/04/2023,8.2
11/04/2023,7.7
11/04/2023,8.1
11/04/2023,9.4
11/04/2023,10.5
11/04/2023,13.4
11/04/2023,15.7
11/04/2023,17.2
11/04/2023,19.6
11/04/2023,21
11/04/2023,21.4
11/04/2023,21.9
11/04/2023,20.7
11/04/2023,20.8
11/04/2023,18.2
11/04/2023,15.6
11/04/2023,11.3
11/04/2023,8.9
11/04/2023,9.6
12/04/2023,9.6
12/04/2023,9.2
12/04/2023,9
12/04/2023,9.1
12/04/2023,9.4
12/04/2023,9.8
12/04/2023,9.6
12/04/2023,9.5
12/04/2023,10.5
12/04/2023,13.4
12/04/2023,15.3
12/04/2023,17.2
12/04/2023,19.3
12/04/2023,20.8
12/04/2023,21.9
12/04/2023,23.1
12/04/2023,22.2
12/04/2023,23.4
12/04/2023,21.8
12/04/2023,20.8
12/04/2023,18
12/04/2023,16.3
12/04/2023,14.8
12/04/2023,13.5
13/04/2023,12.5
13/04/2023,11.9
13/04/2023,10.9
13/04/2023,10.2
13/04/2023,9.6
13/04/2023,9
13/04/2023,8.4
13/04/2023,8.3
13/04/2023,10.7
13/04/2023,15.5
13/04/2023,17.8
13/04/2023,19.8
13/04/2023,21.3
13/04/2023,23.5
13/04/2023,22.3
13/04/2023,21.4
13/04/2023,20.9
13/04/2023,19.7
13/04/2023,18.6
13/04/2023,17.7
13/04/2023,16.3
13/04/2023,14.9
13/04/2023,13.2
14/04/2023,12.1
14/04/2023,11.6
14/04/2023,10.4
14/04/2023,9.4
14/04/2023,8.4
14/04/2023,8
14/04/2023,7.4
14/04/2023,6.9
14/04/2023,9.7
14/04/2023,14.5
14/04/2023,18.3
14/04/2023,20.1
14/04/2023,23.1
15/04/2023,11.9
15/04/2023,10.6
15/04/2023,9.6
15/04/2023,8.9
15/04/2023,8.2
15/04/2023,8
15/04/2023,7.5
15/04/2023,10.2
15/04/2023,15.1
15/04/2023,19.5
15/04/2023,21.8
15/04/2023,23.5
15/04/2023,24.9
15/04/2023,26.3
15/04/2023,26.8
15/04/2023,24.8
15/04/2023,23.9
15/04/2023,23.1
15/04/2023,21.7
15/04/2023,19.9
15/04/2023,18.6
15/04/2023,16.8
15/04/2023,15.4
16/04/2023,14.5
16/04/2023,13.4
16/04/2023,12.6
16/04/2023,12
16/04/2023,10.3
16/04/2023,9.2
16/04/2023,8.6
16/04/2023,7.9
16/04/2023,10.2
16/04/2023,15.2
16/04/2023,18.3
16/04/2023,21
16/04/2023,23.8
16/04/2023,25.4
16/04/2023,26.5
16/04/2023,27.5
16/04/2023,26.7
16/04/2023,25.7
16/04/2023,20.3
16/04/2023,17.4
16/04/2023,13.8
16/04/2023,12.8
16/04/2023,12.6
16/04/2023,12.2
17/04/2023,12.1
17/04/2023,12.3
17/04/2023,12.4
17/04/2023,12
17/04/2023,11.4
17/04/2023,11
17/04/2023,10
17/04/2023,9.3
17/04/2023,11.8
17/04/2023,15.5
17/04/2023,17.6
17/04/2023,19.8
17/04/2023,21.8
17/04/2023,23.5
17/04/2023,24.2
17/04/2023,25.1
17/04/2023,20.4
17/04/2023,19.7
17/04/2023,18
17/04/2023,16.8
17/04/2023,15.6
17/04/2023,15.4
17/04/2023,15.3
18/04/2023,14.8
18/04/2023,13.4
18/04/2023,11.8
18/04/2023,10.7
18/04/2023,10.1
18/04/2023,9.5
18/04/2023,9
18/04/2023,8.6
18/04/2023,11.4
18/04/2023,15.9
18/04/2023,19.2
18/04/2023,21.2
18/04/2023,23.1
18/04/2023,24.3
18/04/2023,26.3
18/04/2023,27.3
18/04/2023,26.4
18/04/2023,26.6
18/04/2023,24
18/04/2023,21.3
18/04/2023,20.2
18/04/2023,19.3
18/04/2023,18.4
18/04/2023,17.1
19/04/2023,15.7
19/04/2023,14.3
19/04/2023,12.6
19/04/2023,11.4
19/04/2023,10.2
19/04/2023,9.6
19/04/2023,9.2
19/04/2023,8.3
19/04/2023,10.9
19/04/2023,15.9
19/04/2023,20.2
19/04/2023,23
19/04/2023,25.1
19/04/2023,26.3
19/04/2023,27.9
19/04/2023,28.5
19/04/2023,28.8
19/04/2023,25.5
19/04/2023,22.2
19/04/2023,20.5
19/04/2023,19.8
19/04/2023,19
19/04/2023,18.2
19/04/2023,17.2
20/04/2023,15.7
20/04/2023,14.1
20/04/2023,13.3
20/04/2023,12.2
20/04/2023,11.5
20/04/2023,10.8
20/04/2023,10.3
20/04/2023,9.8
20/04/2023,12.5
20/04/2023,17.1
20/04/2023,20.6
20/04/2023,23.5
20/04/2023,25.7
20/04/2023,27.2
20/04/2023,28.8
20/04/2023,29.5
20/04/2023,23
20/04/2023,21.8
20/04/2023,18.4
20/04/2023,18.1
20/04/2023,16.7
20/04/2023,15.9
21/04/2023,14.2
21/04/2023,14.2
21/04/2023,13.4
21/04/2023,12.3
21/04/2023,12
21/04/2023,12.2
21/04/2023,11.1
21/04/2023,11
21/04/2023,12.3
21/04/2023,14.8
21/04/2023,18.3
21/04/2023,20.8
21/04/2023,22.5
21/04/2023,23.5
21/04/2023,24.8
21/04/2023,25.3
21/04/2023,25.5
21/04/2023,25.2
21/04/2023,24.8
21/04/2023,22.2
21/04/2023,18.7
21/04/2023,17
21/04/2023,16.4
21/04/2023,15.7
22/04/2023,15
22/04/2023,14.4
22/04/2023,13.4
22/04/2023,12.5
22/04/2023,12.8
22/04/2023,12.3
22/04/2023,11.8
22/04/2023,11.2
22/04/2023,11.9
22/04/2023,13.2
22/04/2023,15.6
22/04/2023,17.7
22/04/2023,19.8
22/04/2023,22.4
22/04/2023,23.3
22/04/2023,24
22/04/2023,24.9
22/04/2023,24.5
22/04/2023,22.8
22/04/2023,20.4
22/04/2023,16.2
22/04/2023,15.8
22/04/2023,15
22/04/2023,14.2
23/04/2023,13
23/04/2023,12.5
23/04/2023,11.3
23/04/2023,10.5
23/04/2023,9.8
23/04/2023,9.3
23/04/2023,9.3
23/04/2023,9
23/04/2023,10.7
23/04/2023,14.2
23/04/2023,18.1
23/04/2023,20.7
23/04/2023,22.3
23/04/2023,22.6
26/04/2023,16.1
26/04/2023,14.3
26/04/2023,12.4
26/04/2023,11.5
26/04/2023,10.3
26/04/2023,10
26/04/2023,9.4
26/04/2023,10.8
26/04/2023,15.4
26/04/2023,18.3
26/04/2023,20.3
26/04/2023,22.3
26/04/2023,23.9
26/04/2023,25.2
26/04/2023,25.8
26/04/2023,25.9
26/04/2023,24.9
26/04/2023,23.6
26/04/2023,22.1
26/04/2023,21.3
26/04/2023,20.5
26/04/2023,19.8
26/04/2023,18.2
27/04/2023,16.9
27/04/2023,15
27/04/2023,13.9
27/04/2023,12.5
27/04/2023,11.1
27/04/2023,10.8
27/04/2023,9.8
27/04/2023,9
27/04/2023,10.9
27/04/2023,15
27/04/2023,19
27/04/2023,22.8
27/04/2023,25
27/04/2023,26.3
27/04/2023,27.1
27/04/2023,27.6
27/04/2023,26.4
27/04/2023,24.1
27/04/2023,21.5
27/04/2023,20.9
27/04/2023,20.6
27/04/2023,19.9
27/04/2023,18.9
27/04/2023,17.5
28/04/2023,16.8
28/04/2023,15.3
28/04/2023,14.3
28/04/2023,13
28/04/2023,12.3
28/04/2023,12.2
28/04/2023,10.9
28/04/2023,9.8
28/04/2023,11.8
28/04/2023,16.6
28/04/2023,19.1
28/04/2023,20.6
28/04/2023,21.7
28/04/2023,22.9
28/04/2023,24.6
28/04/2023,25
28/04/2023,24.3
28/04/2023,24.2
28/04/2023,23.8
28/04/2023,23.3
28/04/2023,21.9
28/04/2023,20.4
28/04/2023,19.7
28/04/2023,18.2
29/04/2023,16.9
29/04/2023,15.4
29/04/2023,13.3
29/04/2023,12.3
29/04/2023,11.3
29/04/2023,10.8
29/04/2023,9.5
29/04/2023,9.5
29/04/2023,12.4
29/04/2023,15.9
29/04/2023,18.4
29/04/2023,20.2
29/04/2023,21.8
29/04/2023,23.7
29/04/2023,25
29/04/2023,24.9
29/04/2023,25.1
29/04/2023,22.5
29/04/2023,21.7
29/04/2023,20
29/04/2023,17.3
29/04/2023,15.3
29/04/2023,15.2
29/04/2023,14.7
30/04/2023,14.2
30/04/2023,12.8
30/04/2023,11.8
30/04/2023,11.2
30/04/2023,10.1
30/04/2023,8.9
30/04/2023,8.2
30/04/2023,7.7
30/04/2023,9.7
30/04/2023,13
30/04/2023,16.2
30/04/2023,18.5
30/04/2023,21
30/04/2023,22.4
30/04/2023,23.5
30/04/2023,24.5
30/04/2023,24.7
30/04/2023,24.4
30/04/2023,23.9
30/04/2023,22.6
30/04/2023,19.8
30/04/2023,18.6
30/04/2023,17.8
30/04/2023,16.8
01/05/2023,15.6
